/*
Navicat MySQL Data Transfer

Source Server         : Localhost
Source Server Version : 50505
Source Host           : localhost:3306
Source Database       : osc_summer_v2

Target Server Type    : MYSQL
Target Server Version : 50505
File Encoding         : 65001

Date: 2017-05-07 06:53:02
*/

SET FOREIGN_KEY_CHECKS=0;

-- ----------------------------
-- Table structure for albums
-- ----------------------------
DROP TABLE IF EXISTS `albums`;
CREATE TABLE `albums` (
  `id` int(10) unsigned NOT NULL AUTO_INCREMENT,
  `title` varchar(255) COLLATE utf8_unicode_ci DEFAULT NULL,
  `status` tinyint(1) DEFAULT '1',
  `tour_id` int(10) unsigned NOT NULL,
  `created_at` timestamp NOT NULL DEFAULT '0000-00-00 00:00:00',
  `updated_at` timestamp NOT NULL DEFAULT '0000-00-00 00:00:00',
  `img_url` varchar(255) COLLATE utf8_unicode_ci DEFAULT NULL,
  `slug` varchar(255) COLLATE utf8_unicode_ci DEFAULT NULL,
  PRIMARY KEY (`id`),
  KEY `albums_tour_id_foreign` (`tour_id`),
  CONSTRAINT `albums_tour_id_foreign` FOREIGN KEY (`tour_id`) REFERENCES `tours` (`id`) ON DELETE CASCADE
) ENGINE=InnoDB AUTO_INCREMENT=2 DEFAULT CHARSET=utf8 COLLATE=utf8_unicode_ci;

-- ----------------------------
-- Records of albums
-- ----------------------------
INSERT INTO `albums` VALUES ('1', 'Album 01', '1', '1', '2017-05-06 14:01:07', '2017-05-06 14:01:07', 'http://localhost/oscduhoche2017/public/upload/album/1494079267_18083576_10209469165946321_379840269_o.jpg', 'album-01');

-- ----------------------------
-- Table structure for countries
-- ----------------------------
DROP TABLE IF EXISTS `countries`;
CREATE TABLE `countries` (
  `id` int(10) unsigned NOT NULL AUTO_INCREMENT,
  `name` varchar(255) COLLATE utf8_unicode_ci NOT NULL,
  `slug` varchar(255) COLLATE utf8_unicode_ci NOT NULL,
  `status` tinyint(1) NOT NULL DEFAULT '1',
  `order` int(11) NOT NULL,
  `created_at` timestamp NOT NULL DEFAULT '0000-00-00 00:00:00',
  `updated_at` timestamp NOT NULL DEFAULT '0000-00-00 00:00:00',
  `img_avatar` varchar(255) COLLATE utf8_unicode_ci NOT NULL,
  `description` text COLLATE utf8_unicode_ci NOT NULL,
  `multi_countries` tinyint(1) NOT NULL DEFAULT '0',
  `home_show` tinyint(1) NOT NULL DEFAULT '0',
  `img_slide` varchar(255) COLLATE utf8_unicode_ci DEFAULT NULL,
  PRIMARY KEY (`id`)
) ENGINE=InnoDB AUTO_INCREMENT=9 DEFAULT CHARSET=utf8 COLLATE=utf8_unicode_ci;

-- ----------------------------
-- Records of countries
-- ----------------------------
INSERT INTO `countries` VALUES ('1', 'Mỹ', 'my', '1', '1', '2017-01-19 09:53:09', '2017-01-24 10:12:42', 'http://ila-duhoc.edu.vn/duhoche2017/public/upload/country/1485247582_USA-500X333.jpg', '', '0', '1', 'http://ila-duhoc.edu.vn/duhoche2017/public/upload/country/slider/1485252762_USA-600X325.jpg');
INSERT INTO `countries` VALUES ('2', 'Canada', 'canada', '1', '2', '2017-01-19 10:14:18', '2017-01-24 10:12:10', 'http://ila-duhoc.edu.vn/duhoche2017/public/upload/country/1485252730_CANADA-500X333.jpg', '', '0', '1', 'http://ila-duhoc.edu.vn/duhoche2017/public/upload/country/slider/1485247482_CANADA-600X325.jpg');
INSERT INTO `countries` VALUES ('3', 'Anh', 'anh', '1', '3', '2017-01-19 10:15:14', '2017-01-24 10:18:48', 'http://ila-duhoc.edu.vn/duhoche2017/public/upload/country/1485247571_uk-500.jpg', '', '0', '1', 'http://ila-duhoc.edu.vn/duhoche2017/public/upload/country/slider/1485253128_UK-600X325.jpg');
INSERT INTO `countries` VALUES ('4', 'Úc', 'uc', '1', '4', '2017-01-19 10:15:55', '2017-01-24 10:17:49', 'http://ila-duhoc.edu.vn/duhoche2017/public/upload/country/1485253069_AU-500X333.jpg', '', '0', '1', 'http://ila-duhoc.edu.vn/duhoche2017/public/upload/country/slider/1485247430_AU-660X325.jpg');
INSERT INTO `countries` VALUES ('5', 'Singapore', 'singapore', '1', '5', '2017-01-19 10:16:20', '2017-02-06 11:08:46', 'http://ila-duhoc.edu.vn/duhoche2017/public/upload/country/1486379326_singapore.jpg', '', '0', '1', 'http://ila-duhoc.edu.vn/duhoche2017/public/upload/country/slider/1485247497_SING-600x325.jpg');
INSERT INTO `countries` VALUES ('6', 'Liên tuyến Singapore - Malaysia', 'lien-tuyen-singapore-malaysia', '1', '6', '2017-01-19 10:17:48', '2017-02-06 11:08:54', 'http://ila-duhoc.edu.vn/duhoche2017/public/upload/country/1485252751_SING-MALAY-500X333.jpg', '', '1', '1', 'http://ila-duhoc.edu.vn/duhoche2017/public/upload/country/slider/1486379334_slider-singapore-malaysia.jpg');
INSERT INTO `countries` VALUES ('7', 'Liên tuyến Úc - Newzealand', 'lien-tuyen-uc-newzealand', '1', '7', '2017-01-19 10:18:56', '2017-02-06 04:14:06', 'http://ila-duhoc.edu.vn/duhoche2017/public/upload/country/1485247547_AU-NZ-500X333.jpg', '', '1', '1', 'http://ila-duhoc.edu.vn/duhoche2017/public/upload/country/slider/1485252713_AU-NZ-600X325.jpg');
INSERT INTO `countries` VALUES ('8', 'Liên tuyến Anh - Pháp', 'lien-tuyen-anh-phap', '1', '8', '2017-01-19 10:19:20', '2017-02-06 04:14:15', 'http://ila-duhoc.edu.vn/duhoche2017/public/upload/country/1485252972_UK-FR-500X333.jpg', '', '1', '1', 'http://ila-duhoc.edu.vn/duhoche2017/public/upload/country/slider/1485253165_UK-FR-600X325.jpg');

-- ----------------------------
-- Table structure for customers
-- ----------------------------
DROP TABLE IF EXISTS `customers`;
CREATE TABLE `customers` (
  `id` int(10) unsigned NOT NULL AUTO_INCREMENT,
  `name` varchar(255) COLLATE utf8_unicode_ci NOT NULL,
  `email` varchar(255) COLLATE utf8_unicode_ci DEFAULT NULL,
  `password` varchar(60) COLLATE utf8_unicode_ci NOT NULL,
  `username` varchar(255) COLLATE utf8_unicode_ci NOT NULL,
  `tour_id` int(10) unsigned NOT NULL,
  `remember_token` varchar(100) COLLATE utf8_unicode_ci DEFAULT NULL,
  `created_at` timestamp NOT NULL DEFAULT '0000-00-00 00:00:00',
  `updated_at` timestamp NOT NULL DEFAULT '0000-00-00 00:00:00',
  `change_pass` tinyint(1) DEFAULT '0',
  PRIMARY KEY (`id`),
  UNIQUE KEY `customers_username_unique` (`username`),
  KEY `customers_tour_id_foreign` (`tour_id`),
  CONSTRAINT `customers_tour_id_foreign` FOREIGN KEY (`tour_id`) REFERENCES `tours` (`id`) ON DELETE CASCADE
) ENGINE=InnoDB AUTO_INCREMENT=14 DEFAULT CHARSET=utf8 COLLATE=utf8_unicode_ci;

-- ----------------------------
-- Records of customers
-- ----------------------------
INSERT INTO `customers` VALUES ('12', 'Lê Phạm Khánh Vy', '', '$2y$10$MuYPPl2s2ngWKSVbqPnAmu1lbS3aZqh3SE14Uvvb6jJyx8DYL4J9a', 'duhoche2017_le-pham-khanh-vy', '1', null, '2017-05-06 16:15:34', '2017-05-06 16:15:34', '0');
INSERT INTO `customers` VALUES ('13', 'Nguyễn Thị Tuyết Nhi', '', '$2y$10$.a2sQpcSgzhGeAPlpmaU0uwkZ3z8I/JUAwauoCec7wojQzCpgqOsy', 'duhoche2017_nguyen-thi-tuyet-nhi', '1', null, '2017-05-06 16:15:34', '2017-05-06 16:15:34', '0');

-- ----------------------------
-- Table structure for images
-- ----------------------------
DROP TABLE IF EXISTS `images`;
CREATE TABLE `images` (
  `id` int(10) unsigned NOT NULL AUTO_INCREMENT,
  `img_url` varchar(255) COLLATE utf8_unicode_ci DEFAULT NULL,
  `img_alt` varchar(255) COLLATE utf8_unicode_ci DEFAULT NULL,
  `status` tinyint(1) DEFAULT '1',
  `order` int(11) DEFAULT NULL,
  `created_at` timestamp NOT NULL DEFAULT '0000-00-00 00:00:00',
  `updated_at` timestamp NOT NULL DEFAULT '0000-00-00 00:00:00',
  `type` varchar(255) COLLATE utf8_unicode_ci DEFAULT NULL,
  `country_id` int(10) unsigned NOT NULL,
  PRIMARY KEY (`id`),
  KEY `images_country_id_foreign` (`country_id`),
  CONSTRAINT `images_country_id_foreign` FOREIGN KEY (`country_id`) REFERENCES `countries` (`id`) ON DELETE CASCADE
) ENGINE=InnoDB AUTO_INCREMENT=23 DEFAULT CHARSET=utf8 COLLATE=utf8_unicode_ci;

-- ----------------------------
-- Records of images
-- ----------------------------
INSERT INTO `images` VALUES ('1', 'http://ila-duhoc.edu.vn/duhoche2017/public/upload/country/banner/1487151915_My.jpg', null, '1', '1', '2017-02-15 09:45:15', '2017-02-15 09:45:15', 'banner_country', '1');
INSERT INTO `images` VALUES ('2', 'http://ila-duhoc.edu.vn/duhoche2017/public/upload/country/banner/1487151961_Canada.jpg', null, '1', '2', '2017-02-15 09:46:02', '2017-02-15 09:46:02', 'banner_country', '2');
INSERT INTO `images` VALUES ('3', 'http://ila-duhoc.edu.vn/duhoche2017/public/upload/country/banner/1487151978_Anh.jpg', null, '1', '3', '2017-02-15 09:46:19', '2017-02-15 09:46:19', 'banner_country', '3');
INSERT INTO `images` VALUES ('4', 'http://ila-duhoc.edu.vn/duhoche2017/public/upload/country/banner/1487151986_Uc.jpg', null, '1', '4', '2017-02-15 09:46:26', '2017-02-15 09:46:26', 'banner_country', '4');
INSERT INTO `images` VALUES ('5', 'http://ila-duhoc.edu.vn/duhoche2017/public/upload/country/banner/1487151994_Singapore.jpg', null, '1', '5', '2017-02-15 09:46:34', '2017-02-15 09:46:34', 'banner_country', '5');
INSERT INTO `images` VALUES ('6', 'http://ila-duhoc.edu.vn/duhoche2017/public/upload/country/banner/1487152003_Singapore-Malaysia.jpg', null, '1', '6', '2017-02-15 09:46:44', '2017-02-15 09:46:44', 'banner_country', '6');
INSERT INTO `images` VALUES ('7', 'http://ila-duhoc.edu.vn/duhoche2017/public/upload/country/banner/1487152016_Uc-New.jpg', null, '1', '7', '2017-02-15 09:46:56', '2017-02-15 09:46:56', 'banner_country', '7');
INSERT INTO `images` VALUES ('8', 'http://ila-duhoc.edu.vn/duhoche2017/public/upload/country/banner/1487152043_Anh-Phap.jpg', null, '1', '8', '2017-02-15 09:47:24', '2017-02-15 09:47:24', 'banner_country', '8');
INSERT INTO `images` VALUES ('16', 'http://ila-duhoc.edu.vn/duhoche2017/public/upload/country/banner/1487212647_My-mobile.jpg', null, '1', '16', '2017-02-16 02:37:27', '2017-02-16 02:37:27', 'banner_country_mobile', '1');
INSERT INTO `images` VALUES ('17', 'http://ila-duhoc.edu.vn/duhoche2017/public/upload/country/banner/1487212833_Canada-mobile.jpg', null, '1', '17', '2017-02-16 02:40:34', '2017-02-16 02:40:34', 'banner_country_mobile', '2');
INSERT INTO `images` VALUES ('18', 'http://ila-duhoc.edu.vn/duhoche2017/public/upload/country/banner/1487212851_Uc-mobile.jpg', null, '1', '18', '2017-02-16 02:40:51', '2017-02-16 02:40:51', 'banner_country_mobile', '4');
INSERT INTO `images` VALUES ('19', 'http://ila-duhoc.edu.vn/duhoche2017/public/upload/country/banner/1487212862_Singapore-mobile.jpg', null, '1', '19', '2017-02-16 02:41:02', '2017-02-16 02:41:02', 'banner_country_mobile', '5');
INSERT INTO `images` VALUES ('20', 'http://ila-duhoc.edu.vn/duhoche2017/public/upload/country/banner/1487212878_Sin-Mal-mobile.jpg', null, '1', '20', '2017-02-16 02:41:18', '2017-02-16 02:41:18', 'banner_country_mobile', '6');
INSERT INTO `images` VALUES ('21', 'http://ila-duhoc.edu.vn/duhoche2017/public/upload/country/banner/1487212891_Uc-New-mobile.jpg', null, '1', '21', '2017-02-16 02:41:31', '2017-02-16 02:41:31', 'banner_country_mobile', '7');
INSERT INTO `images` VALUES ('22', 'http://ila-duhoc.edu.vn/duhoche2017/public/upload/country/banner/1487212900_Anh-Phap-mobile.jpg', null, '1', '22', '2017-02-16 02:41:40', '2017-02-16 02:41:40', 'banner_country_mobile', '8');

-- ----------------------------
-- Table structure for locations
-- ----------------------------
DROP TABLE IF EXISTS `locations`;
CREATE TABLE `locations` (
  `id` int(10) unsigned NOT NULL AUTO_INCREMENT,
  `id_city` int(11) NOT NULL,
  `id_center` int(11) NOT NULL,
  `title` varchar(255) COLLATE utf8_unicode_ci NOT NULL,
  `slug` varchar(255) COLLATE utf8_unicode_ci NOT NULL,
  `status` tinyint(1) NOT NULL DEFAULT '1',
  `order` int(11) NOT NULL,
  `created_at` timestamp NOT NULL DEFAULT '0000-00-00 00:00:00',
  `updated_at` timestamp NOT NULL DEFAULT '0000-00-00 00:00:00',
  PRIMARY KEY (`id`)
) ENGINE=InnoDB AUTO_INCREMENT=8 DEFAULT CHARSET=utf8 COLLATE=utf8_unicode_ci;

-- ----------------------------
-- Records of locations
-- ----------------------------
INSERT INTO `locations` VALUES ('1', '48', '1', 'Hồ Chí Minh', 'ho-chi-minh', '1', '1', '2017-01-19 10:53:39', '2017-01-19 10:53:39');
INSERT INTO `locations` VALUES ('2', '20', '16', 'Hà Nội', 'ha-noi', '1', '2', '2017-01-19 10:55:06', '2017-01-19 10:55:06');
INSERT INTO `locations` VALUES ('3', '1', '19', 'Đà Nẵng', 'da-nang', '1', '3', '2017-01-19 10:56:39', '2017-01-19 10:56:49');
INSERT INTO `locations` VALUES ('4', '70', '18', 'Vũng Tàu', 'vung-tau', '1', '4', '2017-01-19 10:57:15', '2017-01-19 10:57:15');
INSERT INTO `locations` VALUES ('5', '50', '15', 'Bình Dương', 'binh-duong', '1', '5', '2017-02-15 10:02:08', '2017-02-15 10:02:08');
INSERT INTO `locations` VALUES ('6', '49', '20', 'Biên Hòa', 'bien-hoa', '1', '6', '2017-02-15 10:02:39', '2017-02-15 10:02:39');
INSERT INTO `locations` VALUES ('7', '39', '31', 'Hải Phòng', 'hai-phong', '1', '7', '2017-02-15 10:03:21', '2017-02-15 10:03:21');

-- ----------------------------
-- Table structure for log_create_users
-- ----------------------------
DROP TABLE IF EXISTS `log_create_users`;
CREATE TABLE `log_create_users` (
  `id` int(10) unsigned NOT NULL AUTO_INCREMENT,
  `username` varchar(255) COLLATE utf8_unicode_ci NOT NULL,
  `init_password` varchar(255) COLLATE utf8_unicode_ci NOT NULL,
  `email` varchar(255) COLLATE utf8_unicode_ci NOT NULL,
  `name` varchar(255) COLLATE utf8_unicode_ci NOT NULL,
  `created_at` timestamp NOT NULL DEFAULT '0000-00-00 00:00:00',
  `updated_at` timestamp NOT NULL DEFAULT '0000-00-00 00:00:00',
  PRIMARY KEY (`id`)
) ENGINE=InnoDB AUTO_INCREMENT=14 DEFAULT CHARSET=utf8 COLLATE=utf8_unicode_ci;

-- ----------------------------
-- Records of log_create_users
-- ----------------------------
INSERT INTO `log_create_users` VALUES ('1', 'duhoche2017_tran-thanh-thuy-phuong', 'Y1wxSE', '', 'Trần Thanh Thủy Phương', '2017-05-06 16:15:33', '2017-05-06 16:15:33');
INSERT INTO `log_create_users` VALUES ('2', 'duhoche2017_phan-than-trong-tin', '5FlGSq', '', 'Phan Thân Trọng Tín', '2017-05-06 16:15:33', '2017-05-06 16:15:33');
INSERT INTO `log_create_users` VALUES ('3', 'duhoche2017_nguy-anh-kiet', 'AYQqiO', '', 'Ngụy Anh Kiệt', '2017-05-06 16:15:33', '2017-05-06 16:15:33');
INSERT INTO `log_create_users` VALUES ('4', 'duhoche2017_quach-tran-tran', 'tJI7JY', '', 'Quách Trân Trân', '2017-05-06 16:15:33', '2017-05-06 16:15:33');
INSERT INTO `log_create_users` VALUES ('5', 'duhoche2017_huynh-mai-truc', 'ya5c1Q', '', 'Huỳnh Mai Trúc', '2017-05-06 16:15:33', '2017-05-06 16:15:33');
INSERT INTO `log_create_users` VALUES ('6', 'duhoche2017_nguyen-nhu-quynh', 't2Qtpy', '', 'Nguyễn Như Quỳnh', '2017-05-06 16:15:33', '2017-05-06 16:15:33');
INSERT INTO `log_create_users` VALUES ('7', 'duhoche2017_badawi-abdol', 'fUQmYu', '', 'Badawi Abdol', '2017-05-06 16:15:33', '2017-05-06 16:15:33');
INSERT INTO `log_create_users` VALUES ('8', 'duhoche2017_wu-xin-yi', 'fya5BI', '', 'Wu Xin Yi', '2017-05-06 16:15:34', '2017-05-06 16:15:34');
INSERT INTO `log_create_users` VALUES ('9', 'duhoche2017_le-thanh-ha', 'CZkXw4', '', 'Lê Thanh Hà', '2017-05-06 16:15:34', '2017-05-06 16:15:34');
INSERT INTO `log_create_users` VALUES ('10', 'duhoche2017_le-thanh-nam', 'rQAGou', '', 'Lê Thanh Nam', '2017-05-06 16:15:34', '2017-05-06 16:15:34');
INSERT INTO `log_create_users` VALUES ('11', 'duhoche2017_le-dang-khoa', '3EauCk', '', 'Lê Đăng Khoa', '2017-05-06 16:15:34', '2017-05-06 16:15:34');
INSERT INTO `log_create_users` VALUES ('12', 'duhoche2017_le-pham-khanh-vy', 'dXuzuq', '', 'Lê Phạm Khánh Vy', '2017-05-06 16:15:34', '2017-05-06 16:15:34');
INSERT INTO `log_create_users` VALUES ('13', 'duhoche2017_nguyen-thi-tuyet-nhi', 'rHw3Ez', '', 'Nguyễn Thị Tuyết Nhi', '2017-05-06 16:15:34', '2017-05-06 16:15:34');

-- ----------------------------
-- Table structure for migrations
-- ----------------------------
DROP TABLE IF EXISTS `migrations`;
CREATE TABLE `migrations` (
  `migration` varchar(255) COLLATE utf8_unicode_ci NOT NULL,
  `batch` int(11) NOT NULL
) ENGINE=InnoDB DEFAULT CHARSET=utf8 COLLATE=utf8_unicode_ci;

-- ----------------------------
-- Records of migrations
-- ----------------------------
INSERT INTO `migrations` VALUES ('2017_04_17_110537_entrust_setup_tables', '1');
INSERT INTO `migrations` VALUES ('2017_04_21_100141_create_customers_table', '1');
INSERT INTO `migrations` VALUES ('2017_04_24_074018_create_log_create_users_table', '1');
INSERT INTO `migrations` VALUES ('2017_04_24_100039_add_change_pass_column_to_customers', '1');
INSERT INTO `migrations` VALUES ('2017_04_24_100254_create_albums_table', '1');
INSERT INTO `migrations` VALUES ('2017_04_24_100311_create_photos_table', '1');
INSERT INTO `migrations` VALUES ('2017_04_25_002911_create_password_resets_table', '1');
INSERT INTO `migrations` VALUES ('2017_05_04_044502_add_imgurl_to_album', '1');
INSERT INTO `migrations` VALUES ('2017_05_04_044558_add_thumbnailimg_to_photo', '1');
INSERT INTO `migrations` VALUES ('2017_05_04_075106_add_filename_to_photo', '1');
INSERT INTO `migrations` VALUES ('2017_05_05_081730_add_slug_to_albums', '1');

-- ----------------------------
-- Table structure for password_resets
-- ----------------------------
DROP TABLE IF EXISTS `password_resets`;
CREATE TABLE `password_resets` (
  `type` varchar(255) COLLATE utf8_unicode_ci NOT NULL,
  `email` varchar(255) COLLATE utf8_unicode_ci NOT NULL,
  `token` varchar(255) COLLATE utf8_unicode_ci NOT NULL,
  `created_at` timestamp NOT NULL DEFAULT '0000-00-00 00:00:00',
  KEY `password_resets_type_index` (`type`),
  KEY `password_resets_email_index` (`email`),
  KEY `password_resets_token_index` (`token`)
) ENGINE=InnoDB DEFAULT CHARSET=utf8 COLLATE=utf8_unicode_ci;

-- ----------------------------
-- Records of password_resets
-- ----------------------------

-- ----------------------------
-- Table structure for permissions
-- ----------------------------
DROP TABLE IF EXISTS `permissions`;
CREATE TABLE `permissions` (
  `id` int(10) unsigned NOT NULL AUTO_INCREMENT,
  `name` varchar(255) COLLATE utf8_unicode_ci NOT NULL,
  `display_name` varchar(255) COLLATE utf8_unicode_ci DEFAULT NULL,
  `description` varchar(255) COLLATE utf8_unicode_ci DEFAULT NULL,
  `created_at` timestamp NOT NULL DEFAULT '0000-00-00 00:00:00',
  `updated_at` timestamp NOT NULL DEFAULT '0000-00-00 00:00:00',
  PRIMARY KEY (`id`),
  UNIQUE KEY `permissions_name_unique` (`name`)
) ENGINE=InnoDB AUTO_INCREMENT=2 DEFAULT CHARSET=utf8 COLLATE=utf8_unicode_ci;

-- ----------------------------
-- Records of permissions
-- ----------------------------
INSERT INTO `permissions` VALUES ('1', 'login_dashboard', 'Login Dashboard', 'can login to dashboard', '2017-05-06 13:59:48', '2017-05-06 13:59:48');

-- ----------------------------
-- Table structure for permission_role
-- ----------------------------
DROP TABLE IF EXISTS `permission_role`;
CREATE TABLE `permission_role` (
  `permission_id` int(10) unsigned NOT NULL,
  `role_id` int(10) unsigned NOT NULL,
  PRIMARY KEY (`permission_id`,`role_id`),
  KEY `permission_role_role_id_foreign` (`role_id`),
  CONSTRAINT `permission_role_permission_id_foreign` FOREIGN KEY (`permission_id`) REFERENCES `permissions` (`id`) ON DELETE CASCADE ON UPDATE CASCADE,
  CONSTRAINT `permission_role_role_id_foreign` FOREIGN KEY (`role_id`) REFERENCES `roles` (`id`) ON DELETE CASCADE ON UPDATE CASCADE
) ENGINE=InnoDB DEFAULT CHARSET=utf8 COLLATE=utf8_unicode_ci;

-- ----------------------------
-- Records of permission_role
-- ----------------------------
INSERT INTO `permission_role` VALUES ('1', '1');

-- ----------------------------
-- Table structure for photos
-- ----------------------------
DROP TABLE IF EXISTS `photos`;
CREATE TABLE `photos` (
  `id` int(10) unsigned NOT NULL AUTO_INCREMENT,
  `title` varchar(255) COLLATE utf8_unicode_ci DEFAULT NULL,
  `img_url` varchar(255) COLLATE utf8_unicode_ci DEFAULT NULL,
  `status` tinyint(1) DEFAULT '1',
  `album_id` int(10) unsigned NOT NULL,
  `created_at` timestamp NOT NULL DEFAULT '0000-00-00 00:00:00',
  `updated_at` timestamp NOT NULL DEFAULT '0000-00-00 00:00:00',
  `thumbnail_url` varchar(255) COLLATE utf8_unicode_ci DEFAULT NULL,
  `filename` varchar(255) COLLATE utf8_unicode_ci DEFAULT NULL,
  `order` int(11) NOT NULL DEFAULT '1',
  PRIMARY KEY (`id`),
  KEY `photos_album_id_foreign` (`album_id`),
  CONSTRAINT `photos_album_id_foreign` FOREIGN KEY (`album_id`) REFERENCES `tours` (`id`) ON DELETE CASCADE
) ENGINE=InnoDB AUTO_INCREMENT=3 DEFAULT CHARSET=utf8 COLLATE=utf8_unicode_ci;

-- ----------------------------
-- Records of photos
-- ----------------------------
INSERT INTO `photos` VALUES ('1', '', 'http://localhost/oscduhoche2017/public/upload/photo/18110230102094691673063551011347249o.jpg', '1', '1', '2017-05-06 14:16:37', '2017-05-06 14:16:37', 'http://localhost/oscduhoche2017/public/upload/photo/thumbs/18110230102094691673063551011347249o.jpg', '18110230102094691673063551011347249o.jpg', '1');
INSERT INTO `photos` VALUES ('2', '', 'http://localhost/oscduhoche2017/public/upload/photo/1808357610209469165946321379840269o.jpg', '1', '1', '2017-05-06 14:16:48', '2017-05-06 14:16:48', 'http://localhost/oscduhoche2017/public/upload/photo/thumbs/1808357610209469165946321379840269o.jpg', '1808357610209469165946321379840269o.jpg', '2');

-- ----------------------------
-- Table structure for promotions
-- ----------------------------
DROP TABLE IF EXISTS `promotions`;
CREATE TABLE `promotions` (
  `id` int(10) unsigned NOT NULL AUTO_INCREMENT,
  `name` varchar(255) COLLATE utf8_unicode_ci NOT NULL,
  `slug` varchar(255) COLLATE utf8_unicode_ci NOT NULL,
  `description` text COLLATE utf8_unicode_ci NOT NULL,
  `content` text COLLATE utf8_unicode_ci NOT NULL,
  `img_avatar` varchar(255) COLLATE utf8_unicode_ci NOT NULL,
  `status` tinyint(1) NOT NULL DEFAULT '1',
  `order` int(11) NOT NULL,
  `created_at` timestamp NOT NULL DEFAULT '0000-00-00 00:00:00',
  `updated_at` timestamp NOT NULL DEFAULT '0000-00-00 00:00:00',
  `img_icon` varchar(255) COLLATE utf8_unicode_ci DEFAULT NULL,
  PRIMARY KEY (`id`)
) ENGINE=InnoDB AUTO_INCREMENT=5 DEFAULT CHARSET=utf8 COLLATE=utf8_unicode_ci;

-- ----------------------------
-- Records of promotions
-- ----------------------------
INSERT INTO `promotions` VALUES ('1', 'Dành cho<Br/> học viên cũ 2016', 'danh-cho-br-hoc-vien-cu-2016', 'Dành cho học sinh đã tham gia đoàn du học hè 2016 ', '<p>\r\n	D&agrave;nh cho học sinh đ&atilde; tham gia đo&agrave;n du học h&egrave; 2016&nbsp;</p>\r\n', 'http://ila-duhoc.edu.vn/duhoche2017/public/upload/promotion/1486453599_hocviencu-slide.jpg', '1', '1', '2017-01-19 10:20:46', '2017-02-07 07:46:39', 'http://ila-duhoc.edu.vn/duhoche2017/public/upload/promotion/1486363806_hocviencu-ic.jpg');
INSERT INTO `promotions` VALUES ('2', 'Dành cho<br/> học viên ILA ', 'danh-cho-br-hoc-vien-ila-', 'Dành cho học sinh hiện đang theo học các khoá tiếng Anh tại ILA ', '<p>\r\n	D&agrave;nh cho học sinh hiện đang theo học c&aacute;c kho&aacute; tiếng Anh tại ILA&nbsp;</p>\r\n', 'http://ila-duhoc.edu.vn/duhoche2017/public/upload/promotion/1486453606_hocvienila-slide.jpg', '1', '2', '2017-01-19 10:21:14', '2017-02-07 07:46:46', 'http://ila-duhoc.edu.vn/duhoche2017/public/upload/promotion/1486363855_hocvienILA-ic.jpg');
INSERT INTO `promotions` VALUES ('3', 'Dành cho<br/> học viên đăng ký sớm ', 'danh-cho-br-hoc-vien-dang-ky-som-', 'Dành cho học sinh đăng ký sớm trước thời hạn', '<p>\r\n	D&agrave;nh cho học sinh đăng k&yacute; sớm trước thời hạn</p>\r\n', 'http://ila-duhoc.edu.vn/duhoche2017/public/upload/promotion/1486453613_dangkysom-slide.jpg', '1', '3', '2017-01-19 10:21:31', '2017-02-07 07:46:53', 'http://ila-duhoc.edu.vn/duhoche2017/public/upload/promotion/1486452964_dangkysom.jpg');
INSERT INTO `promotions` VALUES ('4', 'Dành cho<br/> học viên giới thiệu bạn tham gia', 'danh-cho-br-hoc-vien-gioi-thieu-ban-tham-gia', 'Dành cho học sinh đăng ký du học hè cùng với bạn bè', '<p>\r\n	D&agrave;nh cho học sinh đăng k&yacute; du học h&egrave; c&ugrave;ng với bạn b&egrave;</p>\r\n', 'http://ila-duhoc.edu.vn/duhoche2017/public/upload/promotion/1486453619_gioithieuban-slide.jpg', '1', '4', '2017-01-19 10:21:56', '2017-02-07 07:46:59', 'http://ila-duhoc.edu.vn/duhoche2017/public/upload/promotion/1486452973_gioithieuban.jpg');

-- ----------------------------
-- Table structure for register
-- ----------------------------
DROP TABLE IF EXISTS `register`;
CREATE TABLE `register` (
  `id` int(10) unsigned NOT NULL AUTO_INCREMENT,
  `fullname` varchar(255) COLLATE utf8_unicode_ci DEFAULT NULL,
  `phone` varchar(255) COLLATE utf8_unicode_ci DEFAULT NULL,
  `email` varchar(255) COLLATE utf8_unicode_ci DEFAULT NULL,
  `id_city` int(11) DEFAULT NULL,
  `id_center` int(11) DEFAULT NULL,
  `country` varchar(255) COLLATE utf8_unicode_ci DEFAULT NULL,
  `message` text COLLATE utf8_unicode_ci,
  `content_type` varchar(255) COLLATE utf8_unicode_ci DEFAULT NULL,
  `inquiry` varchar(255) COLLATE utf8_unicode_ci DEFAULT NULL,
  `created_at` timestamp NOT NULL DEFAULT '0000-00-00 00:00:00',
  `updated_at` timestamp NOT NULL DEFAULT '0000-00-00 00:00:00',
  `id_hash` varchar(255) COLLATE utf8_unicode_ci NOT NULL,
  PRIMARY KEY (`id`)
) ENGINE=InnoDB AUTO_INCREMENT=2 DEFAULT CHARSET=utf8 COLLATE=utf8_unicode_ci;

-- ----------------------------
-- Records of register
-- ----------------------------
INSERT INTO `register` VALUES ('1', 'Phan Minelim', '0123456789', 'liemphan@ilavietnam.edu.vn', null, null, '3', 'sadas', 'du-hoc-he', 'Du Hoc He 2017', '2017-01-19 11:10:31', '2017-01-19 11:10:31', 'a63ebae656f9958c64d83d4bd9408a9e');

-- ----------------------------
-- Table structure for roles
-- ----------------------------
DROP TABLE IF EXISTS `roles`;
CREATE TABLE `roles` (
  `id` int(10) unsigned NOT NULL AUTO_INCREMENT,
  `name` varchar(255) COLLATE utf8_unicode_ci NOT NULL,
  `display_name` varchar(255) COLLATE utf8_unicode_ci DEFAULT NULL,
  `description` varchar(255) COLLATE utf8_unicode_ci DEFAULT NULL,
  `created_at` timestamp NOT NULL DEFAULT '0000-00-00 00:00:00',
  `updated_at` timestamp NOT NULL DEFAULT '0000-00-00 00:00:00',
  PRIMARY KEY (`id`),
  UNIQUE KEY `roles_name_unique` (`name`)
) ENGINE=InnoDB AUTO_INCREMENT=3 DEFAULT CHARSET=utf8 COLLATE=utf8_unicode_ci;

-- ----------------------------
-- Records of roles
-- ----------------------------
INSERT INTO `roles` VALUES ('1', 'admin', 'Administrator', 'Admin can create user', '2017-05-06 13:59:44', '2017-05-06 13:59:44');
INSERT INTO `roles` VALUES ('2', 'mod', 'Moderator', 'Mod can only upload photos', '2017-05-06 13:59:44', '2017-05-06 13:59:44');

-- ----------------------------
-- Table structure for role_user
-- ----------------------------
DROP TABLE IF EXISTS `role_user`;
CREATE TABLE `role_user` (
  `user_id` int(10) unsigned NOT NULL,
  `role_id` int(10) unsigned NOT NULL,
  PRIMARY KEY (`user_id`,`role_id`),
  KEY `role_user_role_id_foreign` (`role_id`),
  CONSTRAINT `role_user_role_id_foreign` FOREIGN KEY (`role_id`) REFERENCES `roles` (`id`) ON DELETE CASCADE ON UPDATE CASCADE,
  CONSTRAINT `role_user_user_id_foreign` FOREIGN KEY (`user_id`) REFERENCES `users` (`id`) ON DELETE CASCADE ON UPDATE CASCADE
) ENGINE=InnoDB DEFAULT CHARSET=utf8 COLLATE=utf8_unicode_ci;

-- ----------------------------
-- Records of role_user
-- ----------------------------
INSERT INTO `role_user` VALUES ('1', '1');

-- ----------------------------
-- Table structure for schedules
-- ----------------------------
DROP TABLE IF EXISTS `schedules`;
CREATE TABLE `schedules` (
  `id` int(10) unsigned NOT NULL AUTO_INCREMENT,
  `title` varchar(255) COLLATE utf8_unicode_ci DEFAULT NULL,
  `content` text COLLATE utf8_unicode_ci,
  `img_avatar` varchar(255) COLLATE utf8_unicode_ci NOT NULL,
  `status` tinyint(1) NOT NULL DEFAULT '0',
  `tour_id` int(10) unsigned NOT NULL,
  `created_at` timestamp NOT NULL DEFAULT '0000-00-00 00:00:00',
  `updated_at` timestamp NOT NULL DEFAULT '0000-00-00 00:00:00',
  PRIMARY KEY (`id`),
  KEY `schedules_tour_id_foreign` (`tour_id`),
  CONSTRAINT `schedules_tour_id_foreign` FOREIGN KEY (`tour_id`) REFERENCES `tours` (`id`) ON DELETE CASCADE
) ENGINE=InnoDB DEFAULT CHARSET=utf8 COLLATE=utf8_unicode_ci;

-- ----------------------------
-- Records of schedules
-- ----------------------------

-- ----------------------------
-- Table structure for testimonials
-- ----------------------------
DROP TABLE IF EXISTS `testimonials`;
CREATE TABLE `testimonials` (
  `id` int(10) unsigned NOT NULL AUTO_INCREMENT,
  `title` varchar(255) COLLATE utf8_unicode_ci NOT NULL,
  `slug` varchar(255) COLLATE utf8_unicode_ci NOT NULL,
  `author` varchar(255) COLLATE utf8_unicode_ci NOT NULL,
  `description` text COLLATE utf8_unicode_ci NOT NULL,
  `content` text COLLATE utf8_unicode_ci NOT NULL,
  `img_avatar` varchar(255) COLLATE utf8_unicode_ci NOT NULL,
  `status` tinyint(1) NOT NULL DEFAULT '1',
  `order` int(11) NOT NULL,
  `created_at` timestamp NOT NULL DEFAULT '0000-00-00 00:00:00',
  `updated_at` timestamp NOT NULL DEFAULT '0000-00-00 00:00:00',
  `focus` tinyint(1) DEFAULT '0',
  `img_slides` varchar(255) COLLATE utf8_unicode_ci DEFAULT NULL,
  PRIMARY KEY (`id`)
) ENGINE=InnoDB AUTO_INCREMENT=8 DEFAULT CHARSET=utf8 COLLATE=utf8_unicode_ci;

-- ----------------------------
-- Records of testimonials
-- ----------------------------
INSERT INTO `testimonials` VALUES ('1', 'Thái Hải Đăng  - Du học hè 2016', 'thai-hai-dang-du-hoc-he-2016', 'Thái Hải Đăng ', 'Đi rất là vui Được gặp thêm bạn mới thầy cô mới và tham quan những địa điểm nổi tiếng Được học nhiều điều hay đặc biệt khi về e thấy tự tin hơn', '<p>\r\n	Đi rất l&agrave; vui Được gặp th&ecirc;m bạn mới thầy c&ocirc; mới v&agrave; tham quan những địa điểm nổi tiếng Được học nhiều điều hay đặc biệt khi về e thấy tự tin hơn</p>\r\n', 'http://ila-duhoc.edu.vn/duhoche2017/public/upload/testimonial/1484821715_Haidang.jpg', '1', '1', '2017-01-19 10:28:35', '2017-02-06 08:43:10', '0', 'http://ila-duhoc.edu.vn/duhoche2017/public/upload/testimonial/slide/1486114463_haidang-canh.jpg');
INSERT INTO `testimonials` VALUES ('2', 'Nguyễn Thị Thuỳ Dương - Du học hè 2016', 'nguyen-thi-thuy-duong-du-hoc-he-2016', 'Nguyễn Thị Thuỳ Dương ', 'Con thấy chương trình Mỹ - Ca con được tham gia hè vừa rồi rất vui và bổ ích.', '<p>\r\n	Con thấy chương tr&igrave;nh Mỹ - Ca con được tham gia h&egrave; vừa rồi rất vui v&agrave; bổ &iacute;ch. C&aacute;c trường học b&ecirc;n đ&oacute; m&agrave; trung t&acirc;m ILA kết nối để cho tụi con sang học đều l&agrave; c&aacute;c trường c&oacute; điều kiện cơ sở tốt, b&ecirc;n cạnh đ&oacute; Tamwood cũng l&agrave; tổ chức r&egrave;n luyện v&agrave; gi&aacute;o dục về kỹ năng sống cũng như c&aacute;c kiến thức cho ch&uacute;ng con học hỏi th&ecirc;m rất nhiều điều. Qua chương tr&igrave;nh n&agrave;y của ILA th&igrave; con được tiếp x&uacute;c với c&aacute;c nền văn h&oacute;a kh&aacute;c nhau v&agrave; tập c&aacute;ch sống tự lập để sau n&agrave;y c&oacute; cơ hội đi du học. Trưởng đo&agrave;n dẫn ch&uacute;ng con đi - c&ocirc; Tr&acirc;m Anh cũng l&agrave; người c&oacute; kinh nghiệm dẫn đo&agrave;n v&agrave; gi&uacute;p đỡ ch&uacute;ng con nhiều trong qu&atilde;ng thời gian cả đo&agrave;n ở b&ecirc;n đ&oacute;. Con mong trung t&acirc;m ILA sẽ c&oacute; th&ecirc;m nhiều chương tr&igrave;nh như vậy để c&aacute;c bạn học sinh c&oacute; thể tham gia v&agrave; trải nghiệm cuộc sống.</p>\r\n', 'http://ila-duhoc.edu.vn/duhoche2017/public/upload/testimonial/1484822291_ThuyDuong.jpg', '1', '2', '2017-01-19 10:37:59', '2017-02-06 11:03:15', '1', 'http://ila-duhoc.edu.vn/duhoche2017/public/upload/testimonial/slide/1486378995_testimonial-thuyduong.jpg');
INSERT INTO `testimonials` VALUES ('3', 'Lầu Mỹ Khiết - Du học hè 2016', 'lau-my-khiet-du-hoc-he-2016', 'Lầu Mỹ Khiết ', 'Em Lầu Mỹ Khiết , du học hè 2016 đến Los Angeles & Hawaii, Mỹ: \"Sau chuyến du học hè này con thấy mình biết nhiều hơn về nước Mỹ, được tiếp xúc với nhiều thầy cô và bạn bè', '<p>\r\n	Em Lầu Mỹ Khiết , du học h&egrave; 2016 đến Los Angeles &amp; Hawaii, Mỹ: &quot;Sau chuyến du học h&egrave; n&agrave;y con thấy m&igrave;nh biết nhiều hơn về nước Mỹ, được tiếp x&uacute;c với nhiều thầy c&ocirc; v&agrave; bạn b&egrave;, được đi tham quan c&aacute;c khu vui chơi rồi c&aacute;c địa điểm nổi tiếng. Với trong chương tr&igrave;nh c&oacute; tổ chức mấy tr&ograve; chơi theo nh&oacute;m rất th&uacute; vị. Sau chuyến đi về th&igrave; con thấy m&igrave;nh năng nổ hoạt b&aacute;t hơn, biết tự gi&aacute;c, tự l&agrave;m nhiều thứ khi kh&ocirc;ng c&oacute; ba mẹ b&ecirc;n cạnh.&quot;</p>\r\n', 'http://ila-duhoc.edu.vn/duhoche2017/public/upload/testimonial/1486115427_MyKhiet-avatar.jpg', '1', '3', '2017-01-19 10:40:35', '2017-02-03 09:50:27', '0', 'http://ila-duhoc.edu.vn/duhoche2017/public/upload/testimonial/slide/1486115427_MyKhiet-canh.jpg');
INSERT INTO `testimonials` VALUES ('4', 'Huỳnh Văn Duy Đạt  - Du học hè 2016', 'huynh-van-duy-dat-du-hoc-he-2016', 'Huỳnh Văn Duy Đạt ', 'Chị Lan, có con du học hè 2016 đến Washington Dc, New York & Boston, Mỹ: \"Cho phụ huynh cám ơn thầy Trung \"nam thần\" và cô An \"dễ thương\" hiền lành nhé. ', '<p>\r\n	Chị Lan, c&oacute; con du học h&egrave; 2016 đến Washington Dc, New York &amp; Boston, Mỹ: &quot;Cho phụ huynh c&aacute;m ơn thầy Trung &quot;nam thần&quot; v&agrave; c&ocirc; An &quot;dễ thương&quot; hiền l&agrave;nh nh&eacute;. Đ&acirc;y l&agrave; biệt danh của thầy c&ocirc; do c&aacute;c ch&aacute;u Duy Đạt v&agrave; Duy Th&agrave;nh mến tặng v&agrave; kể cho phụ huynh nghe suốt.&quot;</p>\r\n', 'http://ila-duhoc.edu.vn/duhoche2017/public/upload/testimonial/1486117130_duydat-avatar.jpg', '1', '4', '2017-01-19 10:41:24', '2017-02-03 10:18:51', '0', 'http://ila-duhoc.edu.vn/duhoche2017/public/upload/testimonial/slide/1486117130_duydat-canh.jpg');
INSERT INTO `testimonials` VALUES ('5', 'Phúc Khang - Du học hè 2016', 'phuc-khang-du-hoc-he-2016', 'Phúc Khang', 'Chị Mai Anh, có con du học hè 2016 đến Singapore: \"Các con từ hôm qua từ sân bay về nhắc tới hai anh chị trưởng đoàn suốt, cứ khen anh chị tốt và tình cảm. Sang năm mình sẽ lại cho các con đi tiếp, hy vọng lại được anh chị chăm sóc. Gửi lời cảm ơn của vợ chồng mình và hai con đến thầy Khánh nhé.\"', '<p>\r\n	Chị Mai Anh, c&oacute; con du học h&egrave; 2016 đến Singapore: &quot;C&aacute;c con từ h&ocirc;m qua từ s&acirc;n bay về nhắc tới hai anh chị trưởng đo&agrave;n suốt, cứ khen anh chị tốt v&agrave; t&igrave;nh cảm. Sang năm m&igrave;nh sẽ lại cho c&aacute;c con đi tiếp, hy vọng lại được anh chị chăm s&oacute;c. Gửi lời cảm ơn của vợ chồng m&igrave;nh v&agrave; hai con đến thầy Kh&aacute;nh nh&eacute;.&quot;</p>\r\n', 'http://ila-duhoc.edu.vn/duhoche2017/public/upload/testimonial/1484822683_vu-phuc-avatar.jpg', '1', '5', '2017-01-19 10:42:36', '2017-02-03 06:29:38', '0', 'http://ila-duhoc.edu.vn/duhoche2017/public/upload/testimonial/slide/1486103378_PhucKhang-canh.jpg');
INSERT INTO `testimonials` VALUES ('6', 'Lý Nguyễn Thiên Y - Du học hè 2016', 'ly-nguyen-thien-y-du-hoc-he-2016', 'Lý Nguyễn Thiên Y', 'Qua chuyến đi du học hè Mĩ - Canada, con đã được học rất nhiều điều mới lạ, con được quen rất nhiều bạn mới từ khắp các quốc gia. Tiếng Anh của con đã có tiến bộ nhiều hơn hẳn qua chuyến đi này.', '<p>\r\n	Qua chuyến đi du học h&egrave; Mĩ - Canada, con đ&atilde; được học rất nhiều điều mới lạ, con được quen rất nhiều bạn mới từ khắp c&aacute;c quốc gia. Tiếng Anh của con đ&atilde; c&oacute; tiến bộ nhiều hơn hẳn qua chuyến đi n&agrave;y. C&aacute;c thầy c&ocirc; của Tamwood v&agrave; c&ocirc; Tr&acirc;m Anh rất tận t&igrave;nh, lu&ocirc;n gi&uacute;p đỡ con. Con cảm ơn ILA v&igrave; cho con chuyến đi nay v&igrave; chuyến đi giup con lớn hơn</p>\r\n', 'http://ila-duhoc.edu.vn/duhoche2017/public/upload/testimonial/1484822730_thieny.jpg', '1', '6', '2017-01-19 10:45:30', '2017-02-03 06:28:57', '0', 'http://ila-duhoc.edu.vn/duhoche2017/public/upload/testimonial/slide/1486103337_thieny-canh.jpg');
INSERT INTO `testimonials` VALUES ('7', 'Minh Thanh & Minh Tâm - Du học hè 2016', 'minh-thanh-minh-tam-du-hoc-he-2016', 'Minh Thanh & Minh Tâm', '“Con tôi học tiếng Anh tại ILA đã được 7 năm, từ khi cho con theo học tại đây, tôi nhận thấy các con không còn nhút nhát như xưa mà trở nên tự tin trong giao tiếp và năng động hơn. Đợt vừa rồi, tôi có đăng kí cho các con tham gia chương trình du học hè tại Mỹ do ILA Du học tổ chức....', '<p>\r\n	&ldquo;Con t&ocirc;i học tiếng Anh tại ILA đ&atilde; được 7 năm, từ khi cho con theo học tại đ&acirc;y, t&ocirc;i nhận thấy c&aacute;c con kh&ocirc;ng c&ograve;n nh&uacute;t nh&aacute;t như xưa m&agrave; trở n&ecirc;n tự tin trong giao tiếp v&agrave; năng động hơn. Đợt vừa rồi, t&ocirc;i c&oacute; đăng k&iacute; cho c&aacute;c con tham gia chương tr&igrave;nh du học h&egrave; tại Mỹ do ILA Du học tổ chức. Sau chuyến đi, t&ocirc;i cảm thấy c&aacute;c con m&igrave;nh trưởng th&agrave;nh hơn, biết lo lắng, chăm s&oacute;c cho nhau v&agrave; đặc biệt l&agrave; biết lập kế hoạch chi ti&ecirc;u hợp l&yacute;. Ngo&agrave;i ra, con t&ocirc;i c&ograve;n học được c&aacute;ch quan t&acirc;m đến mọi người bằng c&aacute;ch mua những m&oacute;n qu&agrave; lưu niệm &yacute; nghĩa d&agrave;nh tặng cho gia đ&igrave;nh v&agrave; bạn b&egrave;. T&ocirc;i hi vọng chuyến đi n&agrave;y l&agrave; một trải nghiệm th&uacute; vị gi&uacute;p c&aacute;c con tự tin hơn, kh&ocirc;ng c&ograve;n bỡ ngỡ về chặng đường du học d&agrave;i hạn trong tương lai.&rdquo;</p>\r\n', 'http://ila-duhoc.edu.vn/duhoche2017/public/upload/testimonial/1485236689_avatar.jpg', '1', '7', '2017-01-19 10:46:21', '2017-02-03 09:34:36', '0', 'http://ila-duhoc.edu.vn/duhoche2017/public/upload/testimonial/slide/1486114476_minhtam-canh.jpg');

-- ----------------------------
-- Table structure for tours
-- ----------------------------
DROP TABLE IF EXISTS `tours`;
CREATE TABLE `tours` (
  `id` int(10) unsigned NOT NULL AUTO_INCREMENT,
  `title` varchar(255) COLLATE utf8_unicode_ci DEFAULT NULL,
  `slug` varchar(255) COLLATE utf8_unicode_ci DEFAULT NULL,
  `description` text COLLATE utf8_unicode_ci,
  `content` text COLLATE utf8_unicode_ci,
  `img_sharing` varchar(255) COLLATE utf8_unicode_ci DEFAULT NULL,
  `img_avatar` varchar(255) COLLATE utf8_unicode_ci DEFAULT NULL,
  `partner` varchar(255) COLLATE utf8_unicode_ci DEFAULT NULL,
  `stay` varchar(255) COLLATE utf8_unicode_ci DEFAULT NULL,
  `week` varchar(255) COLLATE utf8_unicode_ci DEFAULT NULL,
  `start` varchar(255) COLLATE utf8_unicode_ci DEFAULT NULL,
  `end` varchar(255) COLLATE utf8_unicode_ci DEFAULT NULL,
  `price` varchar(255) COLLATE utf8_unicode_ci DEFAULT NULL,
  `age` varchar(255) COLLATE utf8_unicode_ci DEFAULT NULL,
  `status` tinyint(1) DEFAULT '1',
  `order` int(11) DEFAULT NULL,
  `country_id` int(10) unsigned NOT NULL,
  `created_at` timestamp NOT NULL DEFAULT '0000-00-00 00:00:00',
  `updated_at` timestamp NOT NULL DEFAULT '0000-00-00 00:00:00',
  PRIMARY KEY (`id`),
  KEY `tours_country_id_foreign` (`country_id`),
  CONSTRAINT `tours_country_id_foreign` FOREIGN KEY (`country_id`) REFERENCES `countries` (`id`) ON DELETE CASCADE
) ENGINE=InnoDB AUTO_INCREMENT=33 DEFAULT CHARSET=utf8 COLLATE=utf8_unicode_ci;

-- ----------------------------
-- Records of tours
-- ----------------------------
INSERT INTO `tours` VALUES ('1', 'Los Angeles + Las Vegas', 'los-angeles-las-vegas', 'Mùa hè tuyệt vời để khám phá học hỏi những tinh hoa tinh túy của hai thành phố bậc nhất Hoa Kỳ. Thực nghiệm tiếng Anh cũng như học hỏi nếp sống văn hóa Mỹ tại ký túc xá', '<p>\r\n	Los Angeles v&agrave; Las Vegas, 2 th&agrave;nh phố s&ocirc;i động nhất nước Mỹ sẽ l&agrave; nơi ch&agrave;o đ&oacute;n c&aacute;c em v&agrave;o h&egrave; 2017. Đồng h&agrave;nh c&ugrave;ng chương tr&igrave;nh n&agrave;y, c&aacute;c em sẽ được tiếp cận với c&aacute;c tiết học tiếng anh th&ocirc;ng qua kiến thức về văn ho&aacute;, tập tục v&agrave; con người Mỹ.</p>\r\n<p>\r\n	C&aacute;c lớp học tương t&aacute;c n&agrave;y sẽ gi&uacute;p c&aacute;c em tự tin hơn trong giao tiếp bằng tiếng anh. B&ecirc;n cạnh đ&oacute;, c&aacute;c em sẽ c&oacute; cơ h&ocirc;i được đến những địa danh nổi tiếng tại 2 th&agrave;nh phố n&agrave;y. Một m&ugrave;a h&egrave; s&ocirc;i động v&agrave; bổ &iacute;ch đang chờ c&aacute;c em&nbsp;</p>\r\n<p>\r\n	<strong>CHƯƠNG TR&Igrave;NH HỌC TẬP TO&Agrave;N DIỆN</strong><br />\r\n	- 12 giờ học tiếng Anh mỗi tuần.<br />\r\n	- Luyện tập v&agrave; ph&aacute;t triển kỹ năng bản th&acirc;n, x&acirc;y dựng sự tự tin.<br />\r\n	- C&aacute;c hoạt động h&agrave;ng ng&agrave;y của c&acirc;u lạc bộ<br />\r\n	- Chứng nhận ho&agrave;n tất kh&oacute;a học bởi CSL Bridge<br />\r\n	<br />\r\n	<strong>HOẠT ĐỘNG NGOẠI KH&Oacute;A TH&Uacute; VỊ</strong><br />\r\n	- Hoạt động thể thao v&agrave; sinh hoạt ngoại kh&oacute;a h&agrave;ng ng&agrave;y.<br />\r\n	- Tham quan c&aacute;c địa điểm du lịch nổi tiếng như: Hollywood Walk of Fame, mua sắm tại Hollywood Boulevard, Tham quan <strong>Crytal Cove,&nbsp;</strong><strong>Little Tokyo,&nbsp;</strong><strong>Disneyland,&nbsp;</strong><strong>Universial Studios, t</strong><strong>hị Trấn cổ Pasadena, t</strong>rải nghiệm <strong>Fremont Street, ...</strong></p>\r\n', '', 'http://ila-duhoc.edu.vn/duhoche2017/public/upload/tour/1486452304_my-LV-LA.jpg', '', '', '', '03-06-2017', '', '$5.390', 'Từ 12 - 17 tuổi', '1', '1', '1', '2017-01-20 04:46:25', '2017-02-16 10:02:16');
INSERT INTO `tours` VALUES ('2', 'Los Angeles + Hawaii', 'los-angeles-hawaii', 'Trải nghiệm môi trường học tập và đời sống của một du học sinh tại Khuôn viên trường Đại Học hàng đầu cũa Mỹ là Đại học Azusa Pacific và Đại học Hawaii, Manoa. Khám phá nét độc đáo của nền văn hóa bản địa đầy màu sắc', '<p>\r\n	Chuyến h&agrave;nh tr&igrave;nh h&egrave; đi qua 2 th&agrave;nh phố Los Angeles v&agrave; Hawaii chắc chắn sẽ l&agrave; 1 trải nghiệm kh&oacute; qu&ecirc;n với c&aacute;c em học sinh. Chương tr&igrave;nh học anh văn kết hợp t&igrave;m hiểu văn h&oacute;a, sẽ n&acirc;ng cao khả năng tiếng anh v&agrave; kiền thức cho c&aacute;c em khi trải nghiệm m&ocirc;i trường học tập v&agrave; đời sống của một du học sinh tại những trường đại học h&agrave;ng đầu của Mỹ.</p>\r\n<p>\r\n	CHƯƠNG TR&Igrave;NH HỌC TẬP TO&Agrave;N DIỆN<br />\r\n	- 12 giờ học tiếng Anh mỗi tuần.<br />\r\n	- Luyện tập v&agrave; ph&aacute;t triển kỹ năng bản th&acirc;n, x&acirc;y dựng sự tự tin.<br />\r\n	- C&aacute;c hoạt động h&agrave;ng ng&agrave;y của c&acirc;u lạc bộ<br />\r\n	- Chứng nhận ho&agrave;n tất kh&oacute;a học bởi CSL Bridge</p>\r\n<p>\r\n	HOẠT ĐỘNG NGOẠI KH&Oacute;A TH&Uacute; VỊ<br />\r\n	- Hoạt động thể thao v&agrave; sinh hoạt ngoại kh&oacute;a h&agrave;ng ng&agrave;y.<br />\r\n	- Tham quan c&aacute;c địa điểm du lịch nổi tiếng như:&nbsp;<strong>Hollywood Walk of Fame,&nbsp;</strong><strong>Crystal Cove,&nbsp;</strong><strong>Phố người Nhật v&agrave; Trung T&acirc;m Khoa Học,&nbsp;</strong><strong>Disneyland,&nbsp;</strong><strong>Đ&agrave;i Thi&ecirc;n Văn Griffith,&nbsp;</strong><strong>Universial Studios,&nbsp;</strong><strong>Thị Trấn Cổ Pasadena,&nbsp;</strong><strong>Viện Bảo T&agrave;ng Getty,&nbsp;</strong>Đi bộ leo n&uacute;i <strong>Diamond Head,&nbsp;</strong>Tham quan<strong> Mini Circle Island, Hanauma Bay, Halona Blowhole, Sandy Beach, Nu&#39;uanu Pali,&nbsp;</strong><strong>Tr&acirc;n Ch&acirc;u Cảng,&nbsp;</strong><strong>Trung T&acirc;m văn h&oacute;a Polynesian,&nbsp;</strong><strong>Waimanalo Beach, ...</strong></p>\r\n', '', 'http://ila-duhoc.edu.vn/duhoche2017/public/upload/tour/1486952765_Los-Hawaii.jpg', '', '', '', '17-06-2017', '', '$6.750', 'Từ 12 - 17 tuổi', '1', '2', '1', '2017-01-20 04:56:59', '2017-02-16 10:14:16');
INSERT INTO `tours` VALUES ('3', 'Los Angeles Northridge', 'los-angeles-northridge', 'Đến với kinh đô điện ảnh Hollywood, trải nghiệm sâu sắc văn hóa bản địa miền Tây nước Mỹ tại Los Angeles', '<p>\r\n	H&atilde;y bắt đầu m&ugrave;a h&egrave; s&ocirc;i động v&agrave; bổ &iacute;ch cho c&aacute;c em sớm nhất với chuyến du học h&egrave; Los Angeles. Trong ba tuần tham gia chương tr&igrave;nh, c&aacute;c em sẽ trải nghiệm cuộc sống k&yacute; t&uacute;c x&aacute; tại trường Đại học California với cơ sở vật chất tiện nghi để học hỏi những tinh hoa kiến thức v&agrave; văn h&oacute;a của th&agrave;nh phố hiện đại bậc nhất Hoa Kỳ.&nbsp;</p>\r\n<p>\r\n	Với 20 b&agrave;i học tiếng Anh mỗi tuần v&agrave; c&aacute;c hoạt động ngoại kh&oacute;a &yacute; nghĩa, c&aacute;c em sẽ được r&egrave;n luyện khả năng giao tiếp bằng tiếng Anh để chuẩn bị cho việc du học d&agrave;i hạn trong tương lai.</p>\r\n<p>\r\n	<strong>CHƯƠNG TR&Igrave;NH HỌC TẬP</strong></p>\r\n<ul>\r\n	<li>\r\n		20 b&agrave;i học tiếng Anh mỗi tuần</li>\r\n	<li>\r\n		&nbsp;Lớp học &iacute;t học sinh</li>\r\n	<li>\r\n		Luyện tập v&agrave; ph&aacute;t triển kỹ năng bản th&acirc;n, x&acirc;y dựng sự tự tin</li>\r\n	<li>\r\n		Chứng nhận ho&agrave;n tất kh&oacute;a học bởi Embassy CES</li>\r\n</ul>\r\n<p>\r\n	<strong>HOẠT ĐỘNG NGOẠI KH&Oacute;A</strong></p>\r\n<ul>\r\n	<li>\r\n		Hoạt động thể thao v&agrave; sinh hoạt cộng đồng h&agrave;ng ng&agrave;y</li>\r\n	<li>\r\n		Tham quan c&aacute;c địa điểm du lịch nổi tiếng như:&nbsp;Trung t&acirc;m khoa học California, bảo t&agrave;ng lịch sử tự nhi&ecirc;n,&nbsp;<strong>Rodeo Drive, đại lộ Hollywood,&nbsp;</strong><strong>b&atilde;i biển Hermosa,&nbsp;</strong><strong>Trung T&acirc;m Citadel,&nbsp;</strong><strong>b&atilde;i biển Santa Monica v&agrave; Pier,&nbsp;</strong><strong>Tham quan Los Angeles v&agrave; xem ph&aacute;o hoa mừng ng&agrave;y quốc kh&aacute;nh Mỹ,&nbsp;</strong><strong>Viện hải dương học Th&aacute;i B&igrave;nh Dương,&nbsp;</strong>Vui chơi tại <strong>Venice Beach,...</strong></li>\r\n</ul>\r\n', '', 'http://ila-duhoc.edu.vn/duhoche2017/public/upload/tour/1486433077_3-LOSANGELESNORTHRIDGE.jpg', '', '', '', '18-06-2017', '', '$6.240', 'Từ 10 - 17 tuổi', '1', '3', '1', '2017-01-20 04:57:51', '2017-02-16 09:35:08');
INSERT INTO `tours` VALUES ('4', 'Los Angeles + Las Vegas 2', 'los-angeles-las-vegas-2', 'Mùa hè tuyệt vời để khám phá học hỏi những tinh hoa tinh túy của hai thành phố bậc nhất Hoa Kỳ. Thực nghiệm tiếng Anh cũng như học hỏi nếp sống văn hóa Mỹ với nhà bản xứ.', '<p>\r\n	H&atilde;y bắt đầu m&ugrave;a h&egrave; s&ocirc;i động v&agrave; bổ &iacute;ch cho c&aacute;c em sớm nhất với chuyến du học h&egrave; Los Angeles - Las Vegas. Trong ba tuần tham gia chương tr&igrave;nh, c&aacute;c em sẽ được trải nghiệm c&ugrave;ng sống v&agrave; sinh hoạt với c&aacute;c gia đ&igrave;nh bản xứ th&acirc;n thiện, dễ mến với cơ sở vật chất tiện nghi để học hỏi những tinh hoa kiến thức v&agrave; văn h&oacute;a của hai th&agrave;nh phố hiện đại nhất Hoa Kỳ.</p>\r\n<p>\r\n	Với 20 b&agrave;i học tiếng Anh mỗi tuần v&agrave; c&aacute;c hoạt động t&igrave;nh nguyện &yacute; nghĩa, c&aacute;c em sẽ được r&egrave;n luyện khả năng giao tiếp bằng tiếng Anh để chuẩn bị cho việc du học d&agrave;i hạn trong tương lai.</p>\r\n<p>\r\n	<strong>GIỚI THIỆU VỀ TRƯỜNG V&Agrave; ĐỊA ĐIỂM HỌC</strong><br />\r\n	FLS &ndash; tổ chức chuy&ecirc;n cung cấp c&aacute;c chương tr&igrave;nh giảng dạy chất lượng cao cho học sinh quốc tế sẽ mang tới kh&oacute;a du học h&egrave; tại Citrus College thuộc th&agrave;nh phố xinh đẹp, hiện đại v&agrave; y&ecirc;n b&igrave;nh Glendora của hạt Los Angeles v&agrave; tại Las Vegas Institute, Las Vegas. C&ugrave;ng với c&aacute;c bạn du học sinh đến từ nhiều quốc gia tr&ecirc;n thế giới, c&aacute;c em sẽ c&oacute; cơ hội luyện tập v&agrave; n&acirc;ng cao khả năng giao tiếp tiếng Anh mỗi ng&agrave;y.</p>\r\n<p>\r\n	<strong>CHƯƠNG TR&Igrave;NH HỌC TẬP</strong><br />\r\n	- 20 b&agrave;i học tiếng Anh mỗi tuần.<br />\r\n	- Luyện tập v&agrave; ph&aacute;t triển kỹ năng bản th&acirc;n, x&acirc;y dựng sự tự tin.<br />\r\n	- Chứng nhận ho&agrave;n tất kh&oacute;a học bởi FLS</p>\r\n<p>\r\n	<strong>HOẠT ĐỘNG NGOẠI KH&Oacute;A</strong><br />\r\n	- Hoạt động thể thao v&agrave; sinh hoạt cộng đồng h&agrave;ng ng&agrave;y.<br />\r\n	- Tham quan c&aacute;c địa điểm du lịch nổi tiếng:&nbsp;<strong>khu vực Glendora,&nbsp;</strong><strong>USC, m</strong>ua sắm tại <strong>Victoria Gardens, t</strong>ham quan v&agrave; vui chơi tại <strong>Universal Studios,&nbsp;</strong><strong>Sea World,&nbsp;</strong>Tham quan <strong>Trung T&acirc;m Khoa học California,&nbsp;</strong><strong>Thư Viện Huntington,&nbsp;</strong><strong>Hollywood,&nbsp;</strong><strong>Ontario Mills Mall,&nbsp;</strong><strong>Disney land,&nbsp;</strong><strong>Fremont Street,&nbsp;</strong><strong>Las Vegas Strip,&nbsp;</strong><strong>Hoover Dam,&nbsp;</strong><strong>Grand Canyon,&nbsp;</strong>...<strong>&nbsp;</strong></p>\r\n<p>\r\n	<strong>SỐNG V&Agrave; SINH HOẠT C&Ugrave;NG C&Aacute;C GIA Đ&Igrave;NH BẢN XỨ:</strong></p>\r\n<p>\r\n	Với những ai đang ấp ủ kế hoạch du học Mỹ trong tương lai th&igrave; việc lưu tr&uacute; tại gia đ&igrave;nh người bản xứ trong suốt kh&oacute;a học sẽ cho c&aacute;c em một trải nghiệm ch&acirc;n thực nhất về cuộc sống của một du học sinh. C&aacute;c em sẽ được học c&aacute;ch tự tổ chức c&ocirc;ng việc, tự chăm s&oacute;c bản th&acirc;n, từng bước tiếp x&uacute;c v&agrave; l&agrave;m quen với văn h&oacute;a v&agrave; lối sống của người Mỹ... V&agrave; hơn hết, tiếng Anh giao tiếp - h&agrave;nh trang quan trọng nhất của một du học sinh cũng sẽ được cải thiện đ&aacute;ng kể.</p>\r\n<p>\r\n	<br />\r\n	&nbsp;</p>\r\n', 'http://ila-duhoc.edu.vn/duhoche2017/public/upload/tour/1489141872_los-las2.jpg', 'http://ila-duhoc.edu.vn/duhoche2017/public/upload/tour/1486433103_4-LOSANGELES-LASVEGAS2.jpg', '', '', '', '25-06-2017', '', '$6.630', 'Từ 13 - 17 tuổi', '1', '4', '1', '2017-01-20 05:05:43', '2017-03-10 10:31:13');
INSERT INTO `tours` VALUES ('5', 'Brooklyn', 'brooklyn', 'Được xem là 1 trong 5 quận hiện đại nhất của New York; chương trình mùa hè tại Brooklyn sẽ đem lại cho các em những trải nhiệm mới lạ', '<p>\r\n	Trong ba tuần tham gia chương tr&igrave;nh, c&aacute;c em sẽ trải nghiệm cu&ocirc;c sống k&yacute; t&uacute;c x&aacute; tại trường Đại học Long Island với cơ sở vật chất tiện nghi để học hỏi những tinh hoa kiến thức v&agrave; văn h&oacute;a của th&agrave;nh phố hiện đại bậc nhất Hoa Kỳ.</p>\r\n<p>\r\n	Với 20 b&agrave;i học tiếng Anh mỗi tuần v&agrave; c&aacute;c hoạt động ngoại kh&oacute;a &yacute; nghĩa, c&aacute;c em sẽ được r&egrave;n luyện khả năng giao tiếp bằng tiếng Anh để chuẩn bị cho việc du học d&agrave;i hạn cho tương lai.</p>\r\n<p>\r\n	<strong>CHƯƠNG TR&Igrave;NH HỌC TẬP TO&Agrave;N DIỆN:</strong></p>\r\n<ul>\r\n	<li>\r\n		20 b&agrave;i học tiếng Anh mỗi tuần.</li>\r\n	<li>\r\n		Luyện tập &amp; ph&aacute;t triển kỹ năng bản th&acirc;n, x&acirc;y dựng sự tự tin.</li>\r\n	<li>\r\n		Lớp học &iacute;t học sinh.</li>\r\n	<li>\r\n		Chứng nhận ho&agrave;n tất kh&oacute;a học bởi Embassy CES.</li>\r\n</ul>\r\n<p>\r\n	<strong>HOẠT ĐỘNG NGOẠI KH&Oacute;A TH&Uacute; VỊ</strong></p>\r\n<ul>\r\n	<li>\r\n		Hoạt động thể thao v&agrave; sinh hoạt cộng đồng h&agrave;ng ng&agrave;y.</li>\r\n	<li>\r\n		Tham quan c&aacute;c địa điểm du lịch nổi tiếng như: Greenwich Village, t&ograve;a nh&agrave; Emspire State, cầu Brooklyn, ColumbusCircle/ Central Park, tượng nữ thần tự do, đảo Coney, đại học NYC, bảo t&agrave;ng nghệ thuật Metropolitan.....</li>\r\n</ul>\r\n', 'http://ila-duhoc.edu.vn/duhoche2017/public/upload/tour/1486979490_BROOKLYNFBPOST.jpg', 'http://ila-duhoc.edu.vn/duhoche2017/public/upload/tour/1486433125_5-BROOKLYN.jpg', '', '', '', '25-06-2017', '', '$6.500', 'Từ 12 - 17 tuổi', '0', '5', '1', '2017-01-20 05:06:19', '2017-04-20 02:11:43');
INSERT INTO `tours` VALUES ('6', 'Los Angeles - San Francisco', 'los-angeles-san-francisco', 'Gặp gỡ, làm quen và cùng trải nghiệm những hoat động học tập và vui chơi đầy thú vị xuyên qua 2 thành phố với các du học sinh quốc tế', '<p>\r\n	H&agrave;nh tr&igrave;nh đi qua 2 th&agrave;nh phố mơ ước của đa số du học sinh: sẽ đưa c&aacute;c em học hỏi v&agrave; tham quan 2 th&agrave;nh phố hiện đại v&agrave; sầm uất bậc nhất Los Angeles - San Francisco. L&agrave; đất nước c&oacute; hệ thống gi&aacute;o dục h&agrave;ng đầu thế giới, kh&ocirc;ng ngạc nhi&ecirc;n khi Mỹ quy tụ những học sinh từ nhiều nền văn h&oacute;a kh&aacute;c nhau.</p>\r\n<p>\r\n	Tham gia kh&oacute;a học h&egrave;, b&ecirc;n cạnh việc r&egrave;n luyện tiếng Anh, c&aacute;c em sẽ c&oacute; cơ hội kết bạn với những người bạn quốc tề, mở rộng mối quan hệ, chuẩn bị cho h&agrave;nh tr&igrave;nh trở th&agrave;nh c&ocirc;ng d&acirc;n to&agrave;n cầu trong tương lai</p>\r\n<p>\r\n	<strong>GIỚI THIỆU VỀ TRƯỜNG V&Agrave; ĐỊA ĐIỂM HỌC</strong><br />\r\n	Tamwood English Centres - Học viện Anh ngữ quốc tế l&agrave; một trong s&aacute;u học viện c&oacute; chương tr&igrave;nh đ&agrave;o tạo Anh ngữ được y&ecirc;u th&iacute;ch nhất Canada. Với hơn 23 năm kinh nghiệm tổ chức c&aacute;c chương tr&igrave;nh Anh ngữ, chương tr&igrave;nh trải nghiệm việc l&agrave;m, Tamwood hiện l&agrave; lựa chọn h&agrave;ng đầu của c&aacute;c sinh vi&ecirc;n từ khắp nơi tr&ecirc;n thế giới nhờ c&aacute;c kh&oacute;a học gi&agrave;u t&iacute;nh tương t&aacute;c, năng động, đa ng&ocirc;n ngữ v&agrave; văn h&oacute;a, nhiều cơ hội giao lưu học hỏi. Đến với chương tr&igrave;nh du học h&egrave; 2017 của ILA, c&aacute;c em sẽ được học tập tại cơ sở của 2 trường Đại học nổi tiếng l&agrave; Đại học California, Los Angles, Đại học San Jose.</p>\r\n<p>\r\n	<strong>CHƯƠNG TR&Igrave;NH HỌC TẬP</strong></p>\r\n<ul>\r\n	<li>\r\n		15 giờ học tiếng Anh mỗi tuần.</li>\r\n	<li>\r\n		Luyện tập v&agrave; ph&aacute;t triển kỹ năng bản th&acirc;n, x&acirc;y dựng sự tự tin.</li>\r\n	<li>\r\n		C&aacute;c hoạt động h&agrave;ng ng&agrave;y của c&acirc;u lạc bộ.</li>\r\n	<li>\r\n		Chứng nhận ho&agrave;n tất kh&oacute;a học bởi Tamwood.</li>\r\n</ul>\r\n<p>\r\n	<strong>HOẠT ĐỘNG NGOẠI KH&Oacute;A TH&Uacute; VỊ:</strong></p>\r\n<ul>\r\n	<li>\r\n		Hoạt động thể thao v&agrave; sinh hoạt cộng đồng h&agrave;ng ng&agrave;y.</li>\r\n	<li>\r\n		Tham quan c&aacute;c địa điểm du lịch nổi tiếng như:&nbsp;<strong>Trung t&acirc;m Khoa học California,&nbsp;</strong><strong>biển Venice,&nbsp;</strong><strong>C&ocirc;ng vi&ecirc;n Knott&#39;s Berry Farm,&nbsp;</strong><strong>Citadale Outlet,&nbsp;</strong><strong>Hollywood - Con đường danh vọng,&nbsp;</strong><strong><strong>California Academy of Science ,&nbsp;</strong>Disneyland, </strong>tham quan v&agrave; mua sắm tại&nbsp;<strong>The Grove &amp;&nbsp;<strong>Westfield Center</strong>, </strong>tham quan <strong>Emerald Hills, </strong>chơi mini golf<strong>, </strong>vui chơi tại&nbsp;California &#39;s Great America,...&nbsp;<br />\r\n		&nbsp;</li>\r\n</ul>\r\n', '', 'http://ila-duhoc.edu.vn/duhoche2017/public/upload/tour/1486433156_6-LOSANGELES-SANFRANCISCO.jpg', '', '', '', '02-07-2017', '', '$7.480', 'Từ 13 - 17 tuổi', '1', '6', '1', '2017-01-20 05:07:00', '2017-02-16 11:00:46');
INSERT INTO `tours` VALUES ('7', 'New York - Thử làm sinh viên đại học Mỹ', 'new-york-thu-lam-sinh-vien-dai-hoc-my', 'Chương trình được thiết kế đặc biệt cho học sinh trải nghiệm cách học tại Đại Học Mỹ. Chương trình được tổ chức theo hình thức lớp học, giảng đường… do chính giáo sư Đại học giảng dạy ', '<p>\r\n	C&ugrave;ng kh&aacute;m ph&aacute; th&agrave;nh phố New York s&ocirc;i động với chương tr&igrave;nh h&egrave; 3 tuần tại New York. Chương tr&igrave;nh được x&acirc;y dựng m&ocirc; phỏng gần nhất với cuộc sống v&agrave; c&aacute;ch học của sinh vi&ecirc;n đại học. Mỗi tuần c&aacute;c em sẽ c&oacute; 9 tiếng học tiếng anh v&agrave; 6 tiếng học theo h&igrave;nh thức giảng đường đại học. Đ&acirc;y quả thực l&agrave; một kh&oacute;a học thực tiễn chuẩn bị cho c&aacute;c em về cu&ocirc;c sống du học sau n&agrave;y.</p>\r\n<p>\r\n	Với 15 tiếng học tiếng Anh mỗi tuần v&agrave; c&aacute;c hoạt động ngoại kh&oacute;a &yacute; nghĩa, c&aacute;c em sẽ được r&egrave;n luyện khả năng giao tiếp bằng tiếng Anh để chuẩn bị cho việc du học d&agrave;i hạn trong tương lai.&nbsp;</p>\r\n<p>\r\n	<strong>CHƯƠNG TR&Igrave;NH HỌC TẬP</strong><br />\r\n	- 15 tiếng học tiếng Anh mỗi tuần.<br />\r\n	- Luyện tập v&agrave; ph&aacute;t triển kỹ năng bản th&acirc;n, x&acirc;y dựng sự tự tin.<br />\r\n	- Chứng nhận ho&agrave;n tất kh&oacute;a học bởi Kings Education</p>\r\n<p>\r\n	<strong>HOẠT ĐỘNG NGOẠI KH&Oacute;A</strong><br />\r\n	- Hoạt động thể thao v&agrave; sinh hoạt đ&ocirc;i nh&oacute;m h&agrave;ng ng&agrave;y.<br />\r\n	- Tham quan c&aacute;c địa điểm du lịch nổi tiếng như:&nbsp;<strong>Đại Học New York v&agrave; Empire State Building,&nbsp;</strong><strong>Brooklyn Bridge v&agrave; Ground Zero,&nbsp;</strong><strong>biển Rockawa</strong>y,&nbsp;<strong>Madison &amp; 5th Avenue,&nbsp;</strong><strong>Đại học Columbia v&agrave; Bảo T&agrave;ng nghệ thuật Metropolitan,&nbsp;</strong><strong>Tượng Nữ Thần Tự Do &amp; Đảo Ellis,&nbsp;</strong><strong>Six Flags,&nbsp;</strong><strong>Đại học Princeton v&agrave; Rider,&nbsp;</strong><strong>5th Avenue v&agrave; Grand Central Station,&nbsp;</strong>...<br />\r\n	&nbsp;</p>\r\n', '', 'http://ila-duhoc.edu.vn/duhoche2017/public/upload/tour/1486433181_7-NEWYORK.jpg', '', '', '', '05-07-2017', '', '$6.970', 'Từ 14 - 17 tuổi', '0', '7', '1', '2017-01-20 05:09:13', '2017-04-20 02:12:21');
INSERT INTO `tours` VALUES ('8', 'San Diego', 'san-diego', 'Chương trình được tổ chức bởi tổ chức UTP - mang đậm tính học thuật - sự chuẩn bị hoàn hảo cho học sinh có ý định học THPT tại Mỹ ', '<p>\r\n	C&ugrave;ng kh&aacute;m ph&aacute; th&agrave;nh phố San Diego s&ocirc;i động với chương tr&igrave;nh h&egrave; 2 tuần. Qua chương tr&igrave;nh n&agrave;y, c&aacute;c em sẽ c&oacute; cơ hội học chung với c&aacute;c bạn học sinh của hệ thống trường v&agrave; tham gia c&aacute;c lớp học tiếng anh học thuật cho chương tr&igrave;nh trung học phổ th&ocirc;ng.&nbsp;</p>\r\n<p>\r\n	Với 21 tiếng học tiếng Anh mỗi tuần v&agrave; c&aacute;c hoạt động ngoại kh&oacute;a &yacute; nghĩa, c&aacute;c em sẽ được r&egrave;n luyện khả năng giao tiếp bằng tiếng Anh để chuẩn bị cho việc du học d&agrave;i hạn trong tương lai &nbsp;</p>\r\n<p>\r\n	<strong>CHƯƠNG TR&Igrave;NH HỌC TẬP</strong><br />\r\n	- 21 tiếng học tiếng Anh mỗi tuần.<br />\r\n	- Luyện tập v&agrave; ph&aacute;t triển kỹ năng bản th&acirc;n, x&acirc;y dựng sự tự tin.<br />\r\n	- Chứng nhận ho&agrave;n tất kh&oacute;a học bởi UTP</p>\r\n<p>\r\n	<strong>HOẠT ĐỘNG NGOẠI KH&Oacute;A</strong><br />\r\n	- Hoạt động thể thao v&agrave; sinh hoạt đ&ocirc;i nh&oacute;m h&agrave;ng ng&agrave;y.<br />\r\n	- Tham quan c&aacute;c địa điểm du lịch nổi tiếng như:&nbsp;<strong>San Diego Zoo, Downtown San Diego,&nbsp;</strong><strong>Viện Bảo T&agrave;ng Nghệ Thuật,&nbsp;</strong><strong>Pacific Beach,&nbsp;</strong><strong>C&ocirc;ng Vi&ecirc;n Graffiti,&nbsp;</strong><strong>Quận Gas Lamp v&agrave; Tour USS Midway, ...</strong><br />\r\n	&nbsp;</p>\r\n<p>\r\n	&nbsp;</p>\r\n', '', 'http://ila-duhoc.edu.vn/duhoche2017/public/upload/tour/1486433236_8-SANDIEGO.jpg', '', '', '', '16-07-2017', '', '$6.280', 'Từ 14 - 17 tuổi', '0', '8', '1', '2017-01-20 06:32:01', '2017-04-20 02:12:00');
INSERT INTO `tours` VALUES ('9', 'Washington DC - New York - Boston', 'washington-dc-new-york-boston', 'Đặt chân đến với cái nôi của nền giáo dục Mỹ - Boston với 2 trường đại học nổi tiếng Đại học Harvard & MIT, học tập và khám phá nhiều điều thú vị tại New York và Washington DC cùng với chuỗi các hoạt động đội nhóm, cuộc thi tài năng  phát triển kỹ năng mềm và khả năng lãnh đạo.', '<p>\r\n	M&ugrave;a h&egrave; của c&aacute;c em sẽ trở n&ecirc;n thật th&uacute; vị v&agrave; bổ &iacute;ch c&ugrave;ng chuyến du học h&egrave; qua c&aacute;c th&agrave;nh phố nổi tiếng của nước Mỹ gồm Boston - New York - Washington DC. Với 17 giờ học tiếng Anh mỗi tuần trong c&aacute;c lớp học giới hạn số lượng học sinh, c&aacute;c em sẽ được c&ugrave;ng học tập v&agrave; kết bạn với c&aacute;c du học sinh đến từ khắp nơi tr&ecirc;n thế giới. B&ecirc;n cạnh đ&oacute;, c&aacute;c hoạt động ngoại kh&oacute;a th&uacute; vị, kết hợp c&ugrave;ng những chuyến tham quan những c&ocirc;ng tr&igrave;nh kiến tr&uacute;c vĩ đại v&agrave; thưởng thức những t&aacute;c phẩm văn h&oacute;a nghệ thuật nổi tiếng sẽ khiến kh&oacute;a học trở n&ecirc;n hấp dẫn, k&iacute;ch th&iacute;ch hứng th&uacute; học tập cho c&aacute;c em.</p>\r\n<p>\r\n	<strong>CHƯƠNG TR&Igrave;NH HỌC TẬP</strong><br />\r\n	- 15 giờ học tiếng Anh mỗi tuần<br />\r\n	- Luyện tập v&agrave; ph&aacute;t triển kỹ năng bản th&acirc;n, x&acirc;y dựng sự tự tin<br />\r\n	- Số lượng học sinh mỗi lớp giới hạn v&agrave; đa dạng từ nhiều quốc gia<br />\r\n	- Chứng nhận ho&agrave;n tất kh&oacute;a học cấp bởi CSL Bridge</p>\r\n<p>\r\n	<strong>HOẠT ĐỘNG NGOẠI KH&Oacute;A</strong><br />\r\n	- Tham gia c&aacute;c hoạt động cộng đồng v&agrave; đội nh&oacute;m<br />\r\n	- Tham gia luyện tập chương tr&igrave;nh &ldquo;Talent Show&rdquo;<br />\r\n	- Tham quan c&aacute;c địa điểm du lịch nổi tiếng như:&nbsp;Vườn Boston, North End Boston, Bảo t&agrave;ng qu&acirc;n sự USS Constitution,&nbsp;Nh&agrave; hợp nghị viện mới, Downtown Boston,&nbsp;ch&egrave;o thuyền Kayak tr&ecirc;n s&ocirc;ng Charles,&nbsp;Bunker Hill, Đại Học Havard,&nbsp;Tượng nữ thần tự do (bằng ph&agrave;), phố người Hoa, phố người &Yacute;,&nbsp;Top of The Rock, Nh&agrave; thờ ch&aacute;nh t&ograve;a St. Patrick, tham quan mua sắm tại Time Square and Souvenir Shopping,&nbsp;C&ocirc;ng Vi&ecirc;n Six Flags (*),&nbsp;Central Park, Bảo T&agrave;ng Nghệ Thuật Metropolitan,&nbsp;Cầu Brooklyn v&agrave; Dumbo Lookout ,&nbsp;Viện bảo t&agrave;ng quốc gia h&agrave;ng kh&ocirc;ng v&agrave; kh&ocirc;ng gian Smithsonian, sở th&uacute; quốc gia Smithsonian&#39;s,&nbsp;Tham quan The Archives, Điện Capitol Hoa Kỳ, Bảo t&agrave;ng quốc gia về lịch sử tự nhi&ecirc;n, ...<br />\r\n	&emsp;<br />\r\n	<strong>K&Yacute; T&Uacute;C X&Aacute;</strong><br />\r\n	Cuộc sống v&agrave; sinh hoạt c&ugrave;ng c&aacute;c bạn tại k&yacute; t&uacute;c x&aacute; của trường trong suốt chương tr&igrave;nh học sẽ mang lại cho c&aacute;c em những trải nghiệm quan trọng về c&aacute;c mối quan hệ x&atilde; hội, gi&uacute;p c&aacute;c em h&ograve;a nhập hơn với cộng đồng. Đặc biệt, c&aacute;c em cũng sẽ được r&egrave;n luyện về &yacute; thức c&aacute; nh&acirc;n - một trong những yếu tố quyết định gi&uacute;p c&aacute;c em đưa ra lựa chọn cho h&agrave;nh tr&igrave;nh du học Mỹ của m&igrave;nh trong tương lai.<br />\r\n	&nbsp;</p>\r\n', '', 'http://ila-duhoc.edu.vn/duhoche2017/public/upload/tour/1486433248_9-WASHINGTONDC-NEWYOK-BOSTON.jpg', '', '', '', '03-06-2017', '', '$6.920', 'Từ 12 - 17 tuổi', '1', '9', '1', '2017-01-20 06:32:59', '2017-02-16 09:27:09');
INSERT INTO `tours` VALUES ('10', 'Boston - New York - Philadelphia - Washington DC', 'boston-new-york-philadelphia-washington-dc', 'Đặt chân đến với cái nôi của nền giáo dục Mỹ - Boston với 2 trường đại học nổi tiếng Đại học Harvard & MIT, học tập và khám phá nhiều điều thú vị tại New York và Washington DC cùng với chuỗi các hoạt động đội nhóm, cuộc thi tài năng  phát triển kỹ năng mềm và khả năng lãnh đạo.', '<p>\r\n	M&ugrave;a h&egrave; của c&aacute;c em sẽ trở n&ecirc;n thật th&uacute; vị v&agrave; bổ &iacute;ch c&ugrave;ng chuyến du học h&egrave; qua c&aacute;c th&agrave;nh phố nổi tiếng của nước Mỹ gồm Boston - New York - Washington DC. Với 17 giờ học tiếng Anh mỗi tuần trong c&aacute;c lớp học giới hạn số lượng học sinh, c&aacute;c em sẽ được c&ugrave;ng học tập v&agrave; kết bạn với c&aacute;c du học sinh đến từ khắp nơi tr&ecirc;n thế giới. B&ecirc;n cạnh đ&oacute;, c&aacute;c hoạt động ngoại kh&oacute;a th&uacute; vị, kết hợp c&ugrave;ng những chuyến tham quan những c&ocirc;ng tr&igrave;nh kiến tr&uacute;c vĩ đại v&agrave; thưởng thức những t&aacute;c phẩm văn h&oacute;a nghệ thuật nổi tiếng sẽ khiến kh&oacute;a học trở n&ecirc;n hấp dẫn, k&iacute;ch th&iacute;ch hứng th&uacute; học tập cho c&aacute;c em.</p>\r\n<p>\r\n	Với 20 b&agrave;i học tiếng Anh mỗi tuần v&agrave; c&aacute;c hoạt động t&igrave;nh nguyện &yacute; nghĩa, c&aacute;c em sẽ được r&egrave;n luyện khả năng giao tiếp bằng tiếng Anh để chuẩn bị cho việc du học d&agrave;i hạn trong tương lai.</p>\r\n<p>\r\n	<strong>CHƯƠNG TR&Igrave;NH HỌC TẬP</strong><br />\r\n	- 20 b&agrave;i học tiếng Anh mỗi tuần.<br />\r\n	- Luyện tập v&agrave; ph&aacute;t triển kỹ năng bản th&acirc;n, x&acirc;y dựng sự tự tin.<br />\r\n	- Chứng nhận ho&agrave;n tất kh&oacute;a học bởi FLS</p>\r\n<p>\r\n	<strong>HOẠT ĐỘNG NGOẠI KH&Oacute;A</strong><br />\r\n	- Hoạt động thể thao v&agrave; sinh hoạt cộng đồng h&agrave;ng ng&agrave;y.<br />\r\n	- Tham quan c&aacute;c địa điểm du lịch nổi tiếng như: trường <strong>đại học Harvard,&nbsp;</strong>trường<strong> đại học MIT,&nbsp;</strong>trường<strong> đại học Columbia&nbsp;</strong><strong>,&nbsp;</strong><strong>Freedom Trail ,&nbsp;</strong><strong>t</strong>ham gia Tour xe du lịch <strong>Boston Duck Tour,&nbsp;</strong><strong>C&ocirc;ng Vi&ecirc;n Six Flags,&nbsp;</strong><strong>Bến cảng South Street ,&nbsp;</strong><strong>Bờ Biển Jersey,&nbsp;</strong><strong>Th&agrave;nh phố Washington DC,&nbsp;</strong><strong>Viện bảo t&agrave;ng lịch sử tự nhi&ecirc;n của Mỹ,&nbsp;</strong>trường đại học <strong>Pennsylvania,&nbsp;</strong>...</p>\r\n<p>\r\n	&nbsp;</p>\r\n', '', 'http://ila-duhoc.edu.vn/duhoche2017/public/upload/tour/1486433270_10-BOSTON-NY-PHILADEN-WASHINGTONDC.jpg', '', '', '', '25-06-2017', '', '$6.960', ' Từ 14 - 17 tuổi', '1', '10', '1', '2017-01-20 06:33:29', '2017-02-16 11:07:49');
INSERT INTO `tours` VALUES ('11', 'Boston - New York - Washington DC', 'boston-new-york-washington-dc', 'Đặt chân đến với cái nôi của nền giáo dục Mỹ - Boston với 2 trường đại học nổi tiếng Đại học Harvard & MIT, học tập và khám phá nhiều điều thú vị tại New York và Washington DC cùng với chuỗi các hoạt động đội nhóm, cuộc thi tài năng  phát triển kỹ năng mềm và khả năng lãnh đạo.', '<p>\r\n	M&ugrave;a h&egrave; của c&aacute;c em sẽ trở n&ecirc;n thật th&uacute; vị v&agrave; bổ &iacute;ch c&ugrave;ng chuyến du học h&egrave; qua c&aacute;c th&agrave;nh phố nổi tiếng của nước Mỹ gồm Boston - New York - Washington DC. Với 17 giờ học tiếng Anh mỗi tuần trong c&aacute;c lớp học giới hạn số lượng học sinh, c&aacute;c em sẽ được c&ugrave;ng học tập v&agrave; kết bạn với c&aacute;c du học sinh đến từ khắp nơi tr&ecirc;n thế giới. B&ecirc;n cạnh đ&oacute;, c&aacute;c hoạt động ngoại kh&oacute;a th&uacute; vị, kết hợp c&ugrave;ng những chuyến tham quan những c&ocirc;ng tr&igrave;nh kiến tr&uacute;c vĩ đại v&agrave; thưởng thức những t&aacute;c phẩm văn h&oacute;a nghệ thuật nổi tiếng sẽ khiến kh&oacute;a học trở n&ecirc;n hấp dẫn, k&iacute;ch th&iacute;ch hứng th&uacute; học tập cho c&aacute;c em.</p>\r\n<p>\r\n	B&ecirc;n cạnh đ&oacute;, c&aacute;c hoạt động ngoại kh&oacute;a th&uacute; vị kết hợp với những chuyến tham quan c&aacute;c c&ocirc;ng tr&igrave;nh kiến tr&uacute;c vĩ đại v&agrave; thưởng thức những t&aacute;c phẩm văn h&oacute;a nghệ thuật nổi tiếng sẽ khiến kh&oacute;a học trở n&ecirc;n hấp dẫn, k&iacute;ch th&iacute;ch hứng th&uacute; học tập của c&aacute;c em. Trong suốt chương tr&igrave;nh học sinh sẽ được học tập tại 3 ng&ocirc;i trường uy t&iacute;n v&agrave; sinh hoạt ngay tại k&yacute; t&uacute;c x&aacute; trường với đầy đủ tiện nghi v&agrave; an ninh tuyệt đối.</p>\r\n<p>\r\n	<strong>CHƯƠNG TR&Igrave;NH HỌC TẬP</strong></p>\r\n<ul>\r\n	<li>\r\n		15 giờ học tiếng Anh mỗi tuần</li>\r\n	<li>\r\n		Luyện tập v&agrave; ph&aacute;t triển kỹ năng bản th&acirc;n, x&acirc;y dựng sự tự tin</li>\r\n	<li>\r\n		Số lượng học sinh mỗi lớp giới hạn v&agrave; đa dạng từ nhiều quốc gia</li>\r\n	<li>\r\n		Chứng nhận ho&agrave;n tất kh&oacute;a học cấp bởi CSL Bridge</li>\r\n</ul>\r\n<p>\r\n	<strong>HOẠT ĐỘNG NGOẠI KH&Oacute;A</strong></p>\r\n<ul>\r\n	<li>\r\n		Tham gia c&aacute;c hoạt động cộng đồng v&agrave; đội nh&oacute;m</li>\r\n	<li>\r\n		Tham gia luyện tập chương tr&igrave;nh &ldquo;Talent Show&rdquo;</li>\r\n	<li>\r\n		Tham quan c&aacute;c địa điểm du lịch nổi tiếng như:&nbsp;<strong>C&ocirc;ng vi&ecirc;n President&#39;s, nh&agrave; trắng,&nbsp;</strong><strong>The Archives, Điện Capitol Hoa Kỳ, Bảo t&agrave;ng quốc gia về lịch sử tự nhi&ecirc;n,&nbsp;</strong><strong>Greogetown,&nbsp;</strong><strong>Tượng nữ thần tự do bằng ph&agrave;, phố người Hoa v&agrave; phố người &Yacute;,&nbsp;</strong><strong>Đ&agrave;i quan s&aacute;t</strong> <strong>Top of The Rock, Nh&agrave; thờ ch&aacute;nh t&ograve;a St. Patrick,&nbsp;</strong><strong>Qu&atilde;ng trường Times and Souvenir Shopping,&nbsp;</strong><strong>C&ocirc;ng vi&ecirc;n Six Flags,&nbsp;</strong><strong>C&ocirc;ng vi&ecirc;n Trung T&acirc;m, Bảo T&agrave;ng Nghệ Thuật Metropolitan,&nbsp;</strong><strong>Đ&agrave;i tưởng niệm 9/11, Cầu Brooklyn v&agrave; Dumbo Lookout,&nbsp;</strong><strong>Vườn Boston, North End Boston, Bảo t&agrave;ng qu&acirc;n sự USS Constitution,&nbsp;</strong><strong>Nh&agrave; hợp nghị viện mới, Downtown Boston,&nbsp;</strong><strong>ch&egrave;o thuyền Kayak tr&ecirc;n s&ocirc;ng Charles, </strong>tham quan <strong>Bunker Hill, Đại Học Havard,</strong>...</li>\r\n</ul>\r\n<p>\r\n	<strong>K&Yacute; T&Uacute;C X&Aacute;</strong><br />\r\n	Cuộc sống v&agrave; sinh hoạt c&ugrave;ng c&aacute;c bạn tại k&yacute; t&uacute;c x&aacute; của trường trong suốt chương tr&igrave;nh học sẽ mang lại cho c&aacute;c em những trải nghiệm quan trọng về c&aacute;c mối quan hệ x&atilde; hội, gi&uacute;p c&aacute;c em h&ograve;a nhập hơn với cộng đồng. Đặc biệt, c&aacute;c em cũng sẽ được r&egrave;n luyện về &yacute; thức c&aacute; nh&acirc;n &ndash; một trong những yếu tố quyết định gi&uacute;p c&aacute;c em đưa ra lựa chọn cho h&agrave;nh tr&igrave;nh du học Mỹ của m&igrave;nh trong tương lai.<br />\r\n	&nbsp;</p>\r\n', '', 'http://ila-duhoc.edu.vn/duhoche2017/public/upload/tour/1486433297_11-BOSTON-NY-WDC.jpg', '', '', '', '10-07-2017', '', '$6.920', 'Từ 12 - 17 tuổi', '1', '11', '1', '2017-01-20 06:34:20', '2017-02-16 11:15:33');
INSERT INTO `tours` VALUES ('12', 'Hamilton - Toronto - Ottawa - Montreal - Quebec', 'hamilton-toronto-ottawa-montreal-quebec', 'Trường Trung học quốc tế lớn nhất Canada sẽ mang đến những trải nghiệm không thể quên đối với du học sinh Việt nam', '<p>\r\n	- D&agrave;nh cho học sinh từ 09 - 17 tuổi<br />\r\n	- Lịch chương tr&igrave;nh: 02/07/2017 &ndash; 22/07/2017</p>\r\n<p>\r\n	Được đ&aacute;nh gi&aacute; l&agrave; một trong những quốc gia c&oacute; nền gi&aacute;o dục h&agrave;ng đầu thế giới với chất lượng giảng dạy tốt, hệ thống trường học đa dạng, Canada l&agrave; m&ocirc;i trường học tập tốt cho học sinh, sinh vi&ecirc;n quốc tế. Cuộc h&agrave;nh tr&igrave;nh kh&ocirc;ng những gi&uacute;p c&aacute;c em trải nghiệm m&ocirc;i trường đa văn h&oacute;a v&agrave; kh&aacute;m ph&aacute; những cảnh quan thi&ecirc;n nhi&ecirc;n hoang d&atilde; hấp dẫn m&agrave; c&ograve;n tạo bước khởi đầu gi&uacute;p cho c&aacute;c em học sinh trong việc r&egrave;n luyện kỹ năng tiếng Anh giao tiếp, kỹ năng l&agrave;m việc nh&oacute;m, kỹ năng l&atilde;nh đạo th&ocirc;ng qua chương tr&igrave;nh &ldquo;T&ocirc;i &ndash; người dẫn đầu&rdquo; nổi tiếng của trường Columbia International College.</p>\r\n<p>\r\n	<strong>GIỚI THIỆU VỀ TRƯỜNG V&Agrave; ĐỊA ĐIỂM HỌC</strong><br />\r\n	Columbia International College &ndash; th&agrave;nh lập 1979 l&agrave; một trong 7 trường quốc tế lớn nhất Canada với hơn 1300 học sinh đến từ 60 quốc gia tr&ecirc;n thế giới. Hệ thống gi&aacute;o dục to&agrave;n diện của trường sẽ nu&ocirc;i dưỡng th&agrave;nh c&ocirc;ng cho c&aacute;c em học sinh v&agrave; tạo sự y&ecirc;n t&acirc;m cho c&aacute;c bậc phụ huynh. Trường c&oacute; chương tr&igrave;nh gi&aacute;o dục c&acirc;n bằng gi&uacute;p sinh vi&ecirc;n vừa học vừa tham gia c&aacute;c c&aacute;c hoạt động ngoại kh&oacute;a th&uacute; vị.</p>\r\n<p>\r\n	<strong>CHƯƠNG TR&Igrave;NH HỌC TẬP</strong><br />\r\n	- 12 giờ học tiếng Anh mỗi tuần.<br />\r\n	- Luyện tập v&agrave; ph&aacute;t triển kỹ năng mềm, ph&aacute;t huy sự tự tin.<br />\r\n	- Kh&oacute;a học kỹ năng &ldquo;T&ocirc;i &ndash; Người dẫn đầu&rdquo;<br />\r\n	- C&aacute;c lớp học chuy&ecirc;n đề: Khoa học, Nghệ thuật, Nấu ăn, Diễn kịch v&agrave; M&uacute;a<br />\r\n	- Số lượng học sinh mỗi lớp giới hạn v&agrave; đa dạng từ nhiều quốc gia<br />\r\n	- Chứng nhận ho&agrave;n tất kh&oacute;a học cấp bởi Columbia International College (CIC)</p>\r\n<p>\r\n	<strong>HOẠT ĐỘNG NGOẠI KH&Oacute;A</strong><br />\r\n	- Tham gia c&aacute;c hoạt động cộng đồng v&agrave; đội nh&oacute;m.<br />\r\n	- Tham quan c&aacute;c địa điểm du lịch nổi tiếng</p>\r\n<p>\r\n	<strong>K&Yacute; T&Uacute;C X&Aacute;</strong><br />\r\n	- K&yacute; t&uacute;c x&aacute; tại trường c&oacute; gi&aacute;m s&aacute;t 24/7<br />\r\n	- Được trang bị tiện nghi ph&ugrave; hợp với độ tuổi của học sinh<br />\r\n	- Trải nghiệm cuộc sống v&agrave; tham gia c&aacute;c hoạt động nh&oacute;m tại k&yacute; t&uacute;c x&aacute;</p>\r\n', 'http://ila-duhoc.edu.vn/duhoche2017/public/upload/tour/1489404534_Hamilton+Toronto+Ottawa+Montreal+Quebec.jpg', 'http://ila-duhoc.edu.vn/duhoche2017/public/upload/tour/1486433576_Hamilton+Toronto+Ottawa+Montreal+Quebec.jpg', '', '', '', '02-07-2017', '', '$6.190', 'Từ 9 - 17 tuổi', '1', '12', '2', '2017-01-20 06:35:46', '2017-03-13 11:28:54');
INSERT INTO `tours` VALUES ('13', 'Vancouver - Whistler - Toronto', 'vancouver-whistler-toronto', 'Gặp gỡ, làm quen và cùng trải nghiệm những hoat động học tập và vui chơi đầy thú vị xuyên qua 2 thành phố với các du học sinh quốc tế', '<h5>\r\n	<strong>ƯU Đ&Atilde;I ĐẶC BIỆT TRỊ GI&Aacute; 10 TRIỆU ĐỒNG KHI ĐĂNG K&Yacute; TRƯỚC 08/03/2017.</strong></h5>\r\n<p>\r\n	H&agrave;nh tr&igrave;nh sẽ đưa học sinh qua 2 th&agrave;nh phố s&ocirc;i động v&agrave; lớn nhất Canada &ndash; Vancouver v&agrave; Toronto; điểm du học mơ ước của nhiều học sinh Việt Nam. Chuyến đi sẽ tạo cơ hội cho c&aacute;c em học sinh trau dồi tiếng anh, kỹ năng mềm qua c&aacute;c lớp học ch&iacute;nh kh&oacute;a v&agrave; hoạt động ngoại kh&oacute;a c&ugrave;ng học sinh quốc tế.</p>\r\n<p>\r\n	<strong>CHƯƠNG TR&Igrave;NH HỌC TẬP TO&Agrave;N DIỆN:</strong></p>\r\n<ul>\r\n	<li>\r\n		20 b&agrave;i học tiếng Anh mỗi tuần.</li>\r\n	<li>\r\n		Luyện tập &amp; ph&aacute;t triển kỹ năng bản th&acirc;n, x&acirc;y dựng sự tự tin.</li>\r\n	<li>\r\n		C&aacute;c hoạt động h&agrave;ng ng&agrave;y của c&acirc;u lạc bộ.</li>\r\n	<li>\r\n		Chứng nhận ho&agrave;n tất kh&oacute;a học bởi Tamwood.</li>\r\n</ul>\r\n<p>\r\n	<strong>HOẠT ĐỘNG NGOẠI KH&Oacute;A TH&Uacute; VỊ</strong></p>\r\n<ul>\r\n	<li>\r\n		Hoạt động thể thao v&agrave; sinh hoạt ngoại kh&oacute;a h&agrave;ng ng&agrave;y.</li>\r\n	<li>\r\n		Tham quan c&aacute;c địa điểm du lịch nổi tiếng như: Robson Street &amp; Art Gallery, thủy cung Vancouver tại Stanley Park, Cầu treo Capilano, Playland Amusement Park, Designer Outlet Mall, ...&nbsp;</li>\r\n</ul>\r\n', 'http://ila-duhoc.edu.vn/duhoche2017/public/upload/tour/1486979509_CAN2FBPOST.jpg', 'http://ila-duhoc.edu.vn/duhoche2017/public/upload/tour/1486433600_CANADA-VANCOUVER-WHISTLER-TORONTO.jpg', '', '', '', '16-07-2017', '', '$7.480', 'Từ 13 - 17 tuổi', '1', '13', '2', '2017-01-20 06:36:39', '2017-02-16 02:48:37');
INSERT INTO `tours` VALUES ('14', 'Langley - Whistler - Squamish - Vancouver', 'langley-whistler-squamish-vancouver', 'Mùa hè thú vị với chương trình chuyên sâu về các kỹ năng tiếng Anh qua những lớp học về văn hóa và lịch sử Canada. Bên cạnh đó, những chuyến đi dã ngoại sẽ mang tới cho các em trải nghiệm đáng nhớ ', '<p>\r\n	D&agrave;nh cho học sinh từ 10 - 17 tuổi<br />\r\n	Lịch chương tr&igrave;nh: 30/07/2017 &ndash; 12/08/2017</p>\r\n<p>\r\n	<strong>GIỚI THIỆU VỀ TRƯỜNG V&Agrave; ĐỊA ĐIỂM HỌC</strong></p>\r\n<p>\r\n	Langley, một th&agrave;nh phố nằm c&aacute;ch trung Vancouver tầm 40km, được xem l&agrave; một nơi l&yacute; tường để t&igrave;m hiểu văn ho&aacute; v&agrave; học hỏi. Nơi đ&acirc;y được biết đến như l&agrave; th&agrave;nh phố chứa đựng sự h&agrave;i ho&agrave; giữa th&agrave;nh thị s&ocirc;i nổi v&agrave; n&ocirc;ng trại r&ocirc;ng lớn. B&ecirc;n cạnh đ&oacute;, Langley với con người h&agrave;i ho&agrave;, hiếu kh&aacute;ch, sẽ l&agrave;m nơi l&yacute; tường cho học sinh quốc tế trau dồi cả kiến thức v&agrave; kỹ năng tiếng anh của m&igrave;nh.</p>\r\n<p>\r\n	Đến Langley School District, c&aacute;c em học sinh sẽ&nbsp; được tận hưởng một trường học t&acirc;p hiện đại, khang trang ; với gi&aacute;o tr&igrave;nh tiếng anh ch&uacute; trọng v&agrave;o kỹ năng n&oacute;i , giao tiếp qua những b&agrave;i học năng động. C&ugrave;ng với những chuyến đi tham quan những kỳ quan thi&ecirc;n nhi&ecirc;n v&agrave; th&agrave;nh phố lớn như Vancouver, Whistler; chắc rằng đ&acirc;y sẽ l&agrave; một m&ugrave;a h&egrave; kh&oacute; qu&ecirc;n với c&aacute;c em học sinh.</p>\r\n<p>\r\n	<strong>HƯƠNG TR&Igrave;NH HỌC TẬP TO&Agrave;N DIỆN</strong><br />\r\n	- 21 giờ học tiếng Anh mỗi tuần v&agrave; c&aacute;c lớp học về văn ho&aacute; Canada<br />\r\n	- Luyện tập v&agrave; ph&aacute;t triển kỹ năng bản th&acirc;n, x&acirc;y dựng sự tự tin.<br />\r\n	- C&aacute;c hoạt động h&agrave;ng ng&agrave;y của c&acirc;u lạc bộ<br />\r\n	- Chứng nhận ho&agrave;n tất kh&oacute;a học bởi School District Langley</p>\r\n<p>\r\n	<strong>HOẠT ĐỘNG NGOẠI KH&Oacute;A TH&Uacute; VỊ</strong><br />\r\n	- Hoạt động thể thao v&agrave; sinh hoạt ngoại kh&oacute;a h&agrave;ng ng&agrave;y.<br />\r\n	- Tham quan c&aacute;c địa điểm du lịch nổi tiếng<br />\r\n	&nbsp;</p>\r\n<p>\r\n	&nbsp;</p>\r\n<p>\r\n	&nbsp;</p>\r\n', '', 'http://ila-duhoc.edu.vn/duhoche2017/public/upload/tour/1486433618_CANADA-LANGLEY-WHSTLER-SQUA-VANC.jpg', '', '', '', '30-07-2017', '', '$4.880', 'Từ 10 -17 tuổi', '0', '14', '2', '2017-01-20 06:37:28', '2017-04-20 02:11:21');
INSERT INTO `tours` VALUES ('15', 'London Docklands - Brighton', 'london-docklands-brighton', 'Chiêm ngưỡng những công trình cổ kính, tham quan Đại học Cambridge, Oxford và những khóa học tiếng Anh qua lớp học truyền thống và các hoạt động ngoại khóa đầy thú vị', '<p>\r\n	H&atilde;y bắt đầu m&ugrave;a h&egrave; s&ocirc;i động v&agrave; bổ &iacute;ch cho c&aacute;c em sớm nhất với chuyến du học h&egrave; London. Trong ba tuần tham gia chương tr&igrave;nh, c&aacute;c em sẽ trải nghiệm cu&ocirc;c sống k&yacute; t&uacute;c x&aacute; tại trường Đại học East London với cơ sở vật chất tiện nghi để học hỏi những tinh hoa kiến thức v&agrave; văn h&oacute;a của th&agrave;nh phố hiện đại bậc nhất Vương Quốc Anh.</p>\r\n<p>\r\n	- D&agrave;nh cho học sinh từ 11 - 17 tuổi<br />\r\n	- Lịch chương tr&igrave;nh: 18/6/2017 &ndash; 09/07/2017</p>\r\n<p style=\"margin-left:-4.5pt;\">\r\n	<strong>GIỚI THIỆU VỀ TRƯỜNG V&Agrave; ĐỊA ĐIỂM HỌC</strong></p>\r\n<p>\r\n	H&atilde;y bắt đầu m&ugrave;a h&egrave; s&ocirc;i động v&agrave; bổ &iacute;ch cho c&aacute;c em sớm nhất với chuyến du học h&egrave; London. Trong ba tuần tham gia chương tr&igrave;nh, c&aacute;c em sẽ trải nghiệm cu&ocirc;c sống k&yacute; t&uacute;c x&aacute; tại trường Đại học East London với cơ sở vật chất tiện nghi để học hỏi những tinh hoa kiến thức v&agrave; văn h&oacute;a của th&agrave;nh phố hiện đại bậc nhất Vương Quốc Anh&nbsp;</p>\r\n<p>\r\n	Với 20 b&agrave;i học tiếng Anh mỗi tuần v&agrave; c&aacute;c hoạt động ngoại kh&oacute;a &yacute; nghĩa, c&aacute;c em sẽ được r&egrave;n luyện khả năng giao tiếp bằng tiếng Anh để chuẩn bị cho việc du học d&agrave;i hạn trong tương lai &nbsp;</p>\r\n<p>\r\n	<strong>CHƯƠNG TR&Igrave;NH HỌC TẬP</strong><br />\r\n	- 20 b&agrave;i học tiếng Anh mỗi tuần.<br />\r\n	- Lớp học &iacute;t học sinh<br />\r\n	- Luyện tập v&agrave; ph&aacute;t triển kỹ năng bản th&acirc;n, x&acirc;y dựng sự tự tin.<br />\r\n	- Chứng nhận ho&agrave;n tất kh&oacute;a học bởi Embassy CES.</p>\r\n<p>\r\n	<strong>HOẠT ĐỘNG NGOẠI KH&Oacute;A</strong><br />\r\n	- Hoạt động thể thao v&agrave; sinh hoạt cộng đồng h&agrave;ng ng&agrave;y.<br />\r\n	- Tham quan c&aacute;c địa điểm du lịch nổi tiếng như:&nbsp;Viện Bảo T&agrave;ng Lịch Sử tự nhi&ecirc;n London,&nbsp;Cầu London Tower,&nbsp;London Dungeon,&nbsp;Brighton (tham quan bộ h&agrave;nh th&agrave;nh phố) v&agrave; Trung t&acirc;m sinh vật biển, khu vui chơi Thorpe Park,&nbsp;viện triển l&atilde;m quốc gia London,&nbsp;London Westfields,&nbsp;Nh&agrave; thờ Ch&aacute;nh to&agrave; St. Pauls,&nbsp;Bảo T&agrave;ng S&aacute;p Madam Tussauds,&nbsp;Oxford (tham quan bộ h&agrave;nh th&agrave;nh phố), Bảo t&agrave;ng khảo cổ Asmolean hoặc Bảo t&agrave;ng Pitt Rivers,&nbsp;Stratford Upon Avon (nơi sinh ra đại danh h&agrave;o William Shakespear) , &nbsp;Viện Bảo T&agrave;ng khoa học London,&nbsp;London Cadem Town, &nbsp;Th&aacute;p London,&nbsp;th&agrave;nh phố bằng c&aacute;p treo Emirates Cable Car, ...<br />\r\n	&nbsp;</p>\r\n', '', 'http://ila-duhoc.edu.vn/duhoche2017/public/upload/tour/1486433658_ANH-LONDONDOCKLANDS-BRIGHTON.jpg', '', '', '', '18-06-2017', '', '$5.950', 'Từ 11 - 17 tuổi', '1', '15', '3', '2017-01-20 06:38:35', '2017-02-24 04:06:53');
INSERT INTO `tours` VALUES ('16', 'London - Paris', 'london-paris', 'Khoảng thời gian để cóp nhặt những nét thi vị trong nền văn hóa truyền thống, cổ kính của Âu Châu. Khám phá lịch sử lâu đời của cái nôi của nền văn học lãng mạn và kinh đô thời trang của thế giới', '<p>\r\n	- D&agrave;nh cho học sinh từ 12 - 17 tuổi<br />\r\n	- Lịch chương tr&igrave;nh: 02/07/2017 &ndash; 22/07/2017</p>\r\n<p>\r\n	<strong>GIỚI THIỆU VỀ TRƯỜNG V&Agrave; ĐỊA ĐIỂM HỌC</strong><br />\r\n	Tham gia h&agrave;nh tr&igrave;nh kh&aacute;m ph&aacute; 2 tuần tại Lodon v&agrave; 1 tuần tại Paris, c&aacute;c em sẽ dược học tập tại CATS College, London Bloomsbury &ndash; với cơ sở vật chất hiện đại nằm ngay khu qu&atilde;ng trường Bloomsbury v&agrave; trải nghiệm cuộc sống xa nh&agrave;, tự lập c&ugrave;ng những người bạn quốc tế tại k&yacute; t&uacute;c x&aacute; của trường. Sau đ&oacute; c&aacute;c em sẽ kh&aacute;m ph&aacute; Paris qua nhiều hoạt đ&ocirc;ng th&uacute; vị v&agrave; &yacute; nghĩa nhưTh&aacute;p effiel, nh&agrave; thờ ch&aacute;nh t&ograve;a Notre Dame, bảo t&agrave;ng Musee D&rsquo;Orsay&hellip;&nbsp;</p>\r\n<p>\r\n	<strong>CHƯƠNG TR&Igrave;NH HỌC TẬP</strong><br />\r\n	- 15 b&agrave;i học tiếng Anh mỗi tuần.<br />\r\n	- Lớp học &iacute;t học sinh<br />\r\n	- Luyện tập v&agrave; ph&aacute;t triển kỹ năng bản th&acirc;n, x&acirc;y dựng sự tự tin.<br />\r\n	- Chứng nhận ho&agrave;n tất kh&oacute;a học bởi CEG</p>\r\n<p>\r\n	<strong>HOẠT ĐỘNG NGOẠI KH&Oacute;A</strong><br />\r\n	- Hoạt động thể thao v&agrave; sinh hoạt cộng đồng h&agrave;ng ng&agrave;y.<br />\r\n	- Tham quan c&aacute;c địa điểm du lịch nổi tiếng<br />\r\n	&nbsp;</p>\r\n', '', 'http://ila-duhoc.edu.vn/duhoche2017/public/upload/tour/1486433711_LONDON-PARIS.jpg', '', '', '', '02-07-2017', '', '$6.580', 'Từ 12 - 17 tuổi', '1', '16', '8', '2017-01-20 06:39:34', '2017-02-24 04:10:06');
INSERT INTO `tours` VALUES ('17', 'Sydney - Giao lưu văn hóa', 'sydney-giao-luu-van-hoa', 'Thử sức học và sinh hoạt suốt 2 tuần cùng với học sinh người Úc cùng tuổi và gia đình bản xứ tại trường Trung học', '<p>\r\n	- D&agrave;nh cho học sinh từ 12 - 17 tuổi<br />\r\n	- Lịch chương tr&igrave;nh: 28/05/2017 &ndash; 12/06/2017<br />\r\n	- Y&ecirc;u cầu: Ho&agrave;n th&agrave;nh kiểm tra ELTIS do ILA cung cấp</p>\r\n<p>\r\n	Hệ thống gi&aacute;o dục tại &Uacute;c được biết đến với chất lượng giảng dạy v&agrave; bằng cấp được c&ocirc;ng nhận tr&ecirc;n to&agrave;n thế giới. Hai tuần ho&agrave;n to&agrave;n sống v&agrave; học tập như người bản xứ sẽ gi&uacute;p c&aacute;c em c&oacute; sự chuẩn bị tốt nhất cho kế hoạch tương lai của m&igrave;nh. Đ&acirc;y sẽ l&agrave; trải nghiệm kh&ocirc;ng thể bỏ qua tại đất nước xinh đẹp n&agrave;y. Hai tuần ho&agrave;n to&agrave;n sống v&agrave; học tập c&aacute;c em c&oacute; sự chuẩn bị tốt nhất cho kế hoạch tương lai của m&igrave;nh.</p>\r\n<p>\r\n	<strong>GIỚI THIỆU VỀ TRƯỜNG V&Agrave; ĐỊA ĐIỂM HỌC</strong></p>\r\n<p>\r\n	Prideshill Innovation l&agrave; tổ chức gi&aacute;o dục v&agrave; đ&agrave;o tạo uy t&iacute;n chuy&ecirc;n cung cấp c&aacute;c chương tr&igrave;nh đ&agrave;o tạo tiếng Anh cũng như hoạt động h&egrave; tại &Uacute;c. Trong chương tr&igrave;nh du học h&egrave; &Uacute;c 2017, c&aacute;c học sinh sẽ được học tập với c&aacute;c bạn học sinh bản địa c&ugrave;ng trang lứa tại c&aacute;c trường trung học thuộc hệ thống gi&aacute;o dục bang New South Wales</p>\r\n<p>\r\n	<strong>CHƯƠNG TR&Igrave;NH HỌC TẬP</strong></p>\r\n<p>\r\n	- 10 giờ học tiếng Anh mỗi tuần<br />\r\n	- Học tập c&ugrave;ng học sinh bản xứ tại trường c&ocirc;ng lập<br />\r\n	- Luyện tập v&agrave; ph&aacute;t triển kỹ năng bản th&acirc;n, x&acirc;y dựng sự tự tin<br />\r\n	- Chứng nhận ho&agrave;n tất kh&oacute;a học</p>\r\n<p>\r\n	HOẠT ĐỘNG NGOẠI KH&Oacute;A</p>\r\n<p>\r\n	- Hoạt động thể thao v&agrave; sinh hoạt cộng đồng h&agrave;ng ng&agrave;y<br />\r\n	- Tham quan c&aacute;c địa điểm du lịch nổi tiếng</p>\r\n<p>\r\n	&nbsp;</p>\r\n', '', 'http://ila-duhoc.edu.vn/duhoche2017/public/upload/tour/1486433768_ÚC-SYDNEY-GIAOLUUVH.jpg', '', '', '', '28-05-2017', '', '$4.930', 'Từ 12 - 17 tuổi', '0', '17', '4', '2017-01-20 06:40:28', '2017-04-20 02:10:32');
INSERT INTO `tours` VALUES ('18', 'Sydney - Canberra - Melbourne - Giao lưu văn hóa', 'sydney-canberra-melbourne-giao-luu-van-hoa', 'Thử sức học và sinh hoạt suốt 3 tuần cùng với học sinh người Úc cùng tuổi và gia đình bản xứ tại trường Trung học', '<p>\r\n	- D&agrave;nh cho học sinh từ 12 &ndash; 17 tuổi<br />\r\n	- Lịch chương tr&igrave;nh: 13/06/2017 &ndash; 03/07/2017<br />\r\n	- Y&ecirc;u cầu: Ho&agrave;n th&agrave;nh kiểm tra ELTIS do ILA cung cấp</p>\r\n<p>\r\n	<strong>GIỚI THIỆU VỀ TRƯỜNG V&Agrave; ĐỊA ĐIỂM HỌC</strong><br />\r\n	- Prideshill Innovation l&agrave; tổ chức gi&aacute;o dục v&agrave; đ&agrave;o tạo uy t&iacute;n chuy&ecirc;n cung cấp c&aacute;c chương tr&igrave;nh đ&agrave;o tạo tiếng Anh cũng như hoạt động h&egrave; tại &Uacute;c. Hệ thống gi&aacute;o dục tại &Uacute;c được biết đến với chất lượng giảng dạy v&agrave; bằng cấp được c&ocirc;ng nhận tr&ecirc;n to&agrave;n thế giới. Trong chuyến du học n&agrave;y c&aacute;c em sẽ được học tập như một học sinh bản xứ thật sự tại hệ thống trường trung học thuộc bang New South Wales, đồng thời c&ugrave;ng sống v&agrave; sinh hoạt chung với người bản xứ suốt thời gian theo học. Đ&acirc;y sẽ l&agrave; trải nghiệm kh&ocirc;ng thể bỏ qua tại đất nước xinh đẹp n&agrave;y. Ba tuần ho&agrave;n to&agrave;n sống v&agrave; sinh học tập như người bản xứ sẽ gi&uacute;p c&aacute;c em c&oacute; sự chuẩn bị tốt nhất cho kế hoạch du học trong tương lai của m&igrave;nh.<br />\r\n	- Địa điểm học tập: Hệ thống trường trung học c&ocirc;ng lập bang New South Wales</p>\r\n<p>\r\n	<strong>CHƯƠNG TR&Igrave;NH HỌC TẬP</strong><br />\r\n	- 10 giờ học tiếng anh mỗi tuần<br />\r\n	- Học tập c&ugrave;ng học sinh bản xứ tại trường c&ocirc;ng lập<br />\r\n	- Luyện tập v&agrave; ph&aacute;t triển kỹ năng bản th&acirc;n x&acirc;y dựng sự tự tin<br />\r\n	- Chứng nhận ho&agrave;n tất kh&oacute;a học</p>\r\n<p>\r\n	<strong>HOẠT ĐỘNG NGOẠI KH&Oacute;A</strong><br />\r\n	- Hoạt động thể thao v&agrave; sinh hoạt cộng đồng h&agrave;ng ng&agrave;y<br />\r\n	- Tham quan c&aacute;c địa điểm du lịch nổi tiếng</p>\r\n<p>\r\n	<strong>NH&Agrave; BẢN XỨ</strong><br />\r\n	Những người bạn đồng h&agrave;nh c&ugrave;ng trang lứa từ c&aacute;c gia đ&igrave;nh bản xứ nơi c&aacute;c học sinh c&ugrave;ng sống v&agrave; sinh hoạt trong suốt thời gian tham gia kh&oacute;a học sẽ đồng h&agrave;nh c&ugrave;ng c&aacute;c em trong c&aacute;c hoạt động từ học tập đến c&aacute;c hoạt động ngoại kh&oacute;a để tạo điều kiện cho c&aacute;c em mở rộng mối quan hệ cộng đồng, tự tin hơn trong c&ocirc;ng việc giao tiếp bằng anh ngữ v&agrave; ho&agrave;n thiện bản th&acirc;n.</p>\r\n', '', 'http://ila-duhoc.edu.vn/duhoche2017/public/upload/tour/1486433793_ÚC-SYD-CAN-MEL-GIAOLUUVH.jpg', '', '', '', '28-05-2017', '', '$5.660', 'Từ 12 - 17 tuổi', '1', '18', '4', '2017-01-20 06:41:22', '2017-02-24 08:26:58');
INSERT INTO `tours` VALUES ('19', 'Melbourne - Canberra - Sydney - Gold Coast - Brisbane', 'melbourne-canberra-sydney-gold-coast-brisbane', 'Thiết lập một  kế hoạch du học thành công. Chuyến đi mang đến sự hiểu biết rõ hơn về địa lý, khí hậu, văn hóa và con người các thành phố lớn với nhiều Trung học và Đại học danh tiếng của nước Úc. ', '<p>\r\n	- D&agrave;nh cho học sinh từ 12 &ndash; 17 tuổi<br />\r\n	- Lịch chương tr&igrave;nh: 20/06/2017 &ndash; 17/07/2017</p>\r\n<p>\r\n	<strong>GIỚI THIỆU VỀ TRƯỜNG V&Agrave; ĐỊA ĐIỂM HỌC</strong></p>\r\n<p>\r\n	- Kh&oacute;a du học h&egrave; được tổ chức bởi World College Australia &ndash; một trong những tổ chức uy t&iacute;n h&agrave;ng đầu tại &Uacute;c với hơn 15 năm hoạt động trong lĩnh vực cung cấp những chương tr&igrave;nh tham quan kết hợp với học tiếng anh tại c&aacute;c trường đại học, học viện h&agrave;ng đầu tại &Uacute;c. Trong chương tr&igrave;nh h&egrave; 2017, c&aacute;c em học sinh sẽ được học tập tại trường đại học Melbourne v&agrave; đại học Queensland, l&agrave; hai trường thuộc nh&oacute;m 8 trường đại học h&agrave;ng đầu ở &Uacute;c. Đại học Melbourne l&agrave; trường đại học l&acirc;u đời nhất bang Victoria, xếp hạng 1 tại &Uacute;c v&agrave; hạng 28 thế giới với bằng cấp v&agrave; chương tr&igrave;nh giảng dạy chất lượng tối ưu. Trong khi đ&oacute;, đại học Queensland nằm trong nh&oacute;m 40 trường đại học h&agrave;ng đầu thế giới với chương tr&igrave;nh học v&agrave; phương ph&aacute;p giảng dạy chất lượng quốc tế.</p>\r\n<p>\r\n	- H&atilde;y để kh&oacute;a du học h&egrave; &Uacute;c 2017 l&agrave; tiền đề cho kế hoạch du học th&agrave;nh c&ocirc;ng trong tương lai của c&aacute;c em với h&agrave;nh tr&igrave;nh 4 tuần qua 4 th&agrave;nh phố lớn tập trung rất nhiều trường đại học nổi tiếng tại Melbourne, Canberra, Sydney, Gold Coast. Giải nhiệt m&ugrave;a h&egrave; 2017 bằng trải nghiệm m&ugrave;a đ&ocirc;ng tại &Uacute;c, c&ugrave;ng với đ&oacute; l&agrave; việc c&aacute;c em sẽ được học tập tại 2 trong top 8 trường đại học h&agrave;ng đầu của &Uacute;c l&agrave; đại học Melbourne v&agrave; đại học Queensland. Với chương tr&igrave;nh th&uacute; vị lồng gh&eacute;p c&aacute;c kh&oacute;a học kỹ năng l&atilde;nh đạo bổ &iacute;ch. Th&ecirc;m v&agrave;o đ&oacute;, sự tự lập, t&iacute;nh năng động v&agrave; bản lĩnh của c&aacute;c em cũng sẽ được r&egrave;n luyện qua việc c&ugrave;ng sống v&agrave; sinh hoạt với c&aacute;c gia đ&igrave;nh bản xứ trong suốt h&agrave;nh tr&igrave;nh.</p>\r\n<p>\r\n	<strong>CHƯƠNG TR&Igrave;NH HỌC TẬP</strong><br />\r\n	- 12 giờ học tiếng anh mỗi tuần, kết hợp nội dung đ&agrave;o tạo chuy&ecirc;n s&acirc;u về Leadership<br />\r\n	C&aacute;c hoạt động ngoại kh&oacute;a kết hợp h&agrave;i h&ograve;a giữa c&aacute;c giờ học tiếng anh với việc t&igrave;m hiểu, kh&aacute;m ph&aacute; b&ecirc;n ngo&agrave;i, hoạt động thể thao&hellip;</p>\r\n<p>\r\n	<strong>HOẠT ĐỘNG NGOẠI KH&Oacute;A</strong><br />\r\n	- T&igrave;m hiểu văn h&oacute;a, đời sống v&agrave; sinh hoạt cộng đồng h&agrave;ng ng&agrave;y<br />\r\n	- Hoạt động thể thao, kh&aacute;m ph&aacute;<br />\r\n	- Tham quan c&aacute;c địa điểm v&agrave; khu du lịch nổi tiếng</p>\r\n', '', 'http://ila-duhoc.edu.vn/duhoche2017/public/upload/tour/1486433817_ÚC-MELBOURNE-CANBERRA-SYD-GOLDCOAST-BRISBANE.jpg', '', '', '', '20-06-2017', '', '$6.290', 'Từ 12 - 17 tuổi', '1', '19', '4', '2017-01-20 06:42:14', '2017-02-24 08:23:28');
INSERT INTO `tours` VALUES ('20', 'Sydney', 'sydney', 'Chuyến đi sẽ mang đến sự hiểu biết rõ hơn về địa lý, khí hậu, văn hóa và con người ở Sydney', '<p>\r\n	- D&agrave;nh cho học sinh từ 13 &ndash; 17 tuổi<br />\r\n	- Lịch chương tr&igrave;nh: 02/07/2017 &ndash; 15/07/2017</p>\r\n<p>\r\n	<strong>GIỚI THIỆU VỀ TRƯỜNG V&Agrave; ĐỊA ĐIỂM HỌC</strong><br />\r\n	Embassy Summer (trực thuộc tập đo&agrave;n gi&aacute;o dục nổi tiếng Study Group) l&agrave; một trong những tổ chức h&agrave;ng đầu trong lĩnh vực cung cấp chương tr&igrave;nh du học h&egrave; tại &Uacute;c, Anh, Mỹ v&agrave; Canada. Với đội ngũ nh&acirc;n vi&ecirc;n, gi&aacute;o vi&ecirc;n chuy&ecirc;n nghiệp v&agrave; gi&agrave;u kinh nghiệm, Embassy Summer cam kết lu&ocirc;n mang đến những kh&oacute;a học chất lượng quốc tế.<br />\r\n	H&atilde;y để kh&oacute;a du học h&egrave; &Uacute;c 2017 l&agrave; tiền đề cho kế hoạch du học th&agrave;nh c&ocirc;ng của c&aacute;c em sau n&agrave;y v&agrave; đ&acirc;y sẽ l&agrave; chuyến đi đem lại những trải nghiệm ch&acirc;n thực nhất cho c&aacute;c em đang c&oacute; &yacute; định du học l&acirc;u d&agrave;i tại đất nước n&agrave;y. Th&ecirc;m v&agrave;o đ&oacute;, sự tự lập, t&iacute;nh năng động v&agrave; bản lĩnh của c&aacute;c em cũng được r&egrave;n luyện qua việc c&ugrave;ng sống v&agrave; sinh hoạt với c&aacute;c gia đ&igrave;nh bản xứ trong suốt h&agrave;nh tr&igrave;nh.<br />\r\n	- Địa điểm cư tr&uacute;: Nh&agrave; bản xứ<br />\r\n	- Địa điểm học tập: Embassy Sydney Study Centre</p>\r\n<p>\r\n	<strong>CHƯƠNG TR&Igrave;NH HỌC TẬP</strong><br />\r\n	- 20 b&agrave;i học tiếng anh mỗi tuần<br />\r\n	- Luyện tập v&agrave; ph&aacute;t triển kỹ năng bản th&acirc;n, x&acirc;y dựng sự tự tin<br />\r\n	- Chứng nhận ho&agrave;n tất kh&oacute;a học của Embassy CES</p>\r\n<p>\r\n	<strong>HOẠT ĐỘNG NGOẠI KH&Oacute;A</strong><br />\r\n	- Hoạt động thể thao v&agrave; sinh hoạt cộng đồng h&agrave;ng ng&agrave;y<br />\r\n	- Tham quan c&aacute;c địa điểm du lịch nổi tiếng</p>\r\n', 'http://ila-duhoc.edu.vn/duhoche2017/public/upload/tour/1489141889_sysney.jpg', 'http://ila-duhoc.edu.vn/duhoche2017/public/upload/tour/1486433840_ÚC-SYDNEY.jpg', '', '', '', '02-07-2017', '', '$5.100', 'Từ 13 - 17 tuổi', '1', '20', '4', '2017-01-20 06:42:53', '2017-03-10 10:31:29');
INSERT INTO `tours` VALUES ('21', 'Melbourne - Sydney - Auckland', 'melbourne-sydney-auckland', 'Hành trình  xuyên 2 quốc gia với 3 thành phố nổi tiếng mang đến một cảm nhận  văn hóa bản địa sâu sắc', '<ul>\r\n	<li>\r\n		D&agrave;nh cho học sinh từ 12 &ndash; 17 tuổi</li>\r\n	<li>\r\n		Lịch chương tr&igrave;nh: 15/07/2017 &ndash; 04/08/2017</li>\r\n</ul>\r\n<p>\r\n	<strong>GIỚI THIỆU VỀ TRƯỜNG V&Agrave; ĐỊA ĐIỂM HỌC</strong></p>\r\n<ul>\r\n	<li>\r\n		Kh&oacute;a du học h&egrave; được tổ chức bởi World College Australia &ndash; một trong những tổ chức uy t&iacute;n h&agrave;ng đầu tại &Uacute;c với hơn 15 năm hoạt động trong lĩnh vực cung cấp những chương tr&igrave;nh tham quan kết hợp với học tiếng anh tại những trường đại học, học viện h&agrave;ng đầu tại &Uacute;c. C&aacute;c em học sinh sẽ học tập tại&nbsp; đại học Melbourne, đại học l&acirc;u đời nhất bang Victoria, xếp hạng 1 tại &Uacute;c với bằng cấp chất lượng cao v&agrave; chương tr&igrave;nh giảng dạy đạt hạng ưu v&agrave; xếp hạng thứ 28 trong số c&aacute;c trường đại học tốt nhất thế giới.</li>\r\n	<li>\r\n		Với th&ocirc;ng điệp &ldquo;Discovery Your World&rdquo;, h&agrave;nh tr&igrave;nh xuy&ecirc;n quốc gia &Uacute;c &ndash; New Zealand l&agrave; cơ hội tuyệt vời để c&aacute;c em trải nghiệm v&agrave; kh&aacute;m ph&aacute; 2 nền văn h&oacute;a của người Maoni (New Zealand) v&agrave; người Abriginal (&Uacute;c). Đồng thời, c&aacute;c em cũng được cảm nhận nền gi&aacute;o dục tiến bộ th&ocirc;ng qua việc học tập tại đại học Melbourne, với chương tr&igrave;nh học lồng gh&eacute;p c&aacute;c kh&oacute;a học kỹ năng l&atilde;nh đạo bổ &iacute;ch. Th&ecirc;m v&agrave;o đ&oacute;, sự tự lập, t&iacute;nh năng động v&agrave; bản lĩnh của c&aacute;c em cũng được r&egrave;n luyện qua việc c&ugrave;ng sống v&agrave; sinh hoạt với c&aacute;c gia đ&igrave;nh bản xứ trong suốt h&agrave;nh tr&igrave;nh.</li>\r\n</ul>\r\n<p>\r\n	<strong>CHƯƠNG TR&Igrave;NH HỌC TẬP</strong></p>\r\n<ul>\r\n	<li>\r\n		12 giờ học tiếng anh</li>\r\n	<li>\r\n		3 lớp tiếng anh với chuy&ecirc;n đề Nh&agrave; l&atilde;nh đạo</li>\r\n	<li>\r\n		C&aacute;c buổi học t&igrave;m hiểu văn h&oacute;a th&ocirc;ng qua c&aacute;c hoạt động ngoại kh&oacute;a sẽ mang lại cho c&aacute;c em trải nghiệm mới về văn h&oacute;a, ng&ocirc;n ngữ v&agrave; ph&aacute;t triển kỹ năng l&agrave;m việc đội nh&oacute;m</li>\r\n</ul>\r\n<p>\r\n	<strong>HOẠT ĐỘNG NGOẠI KH&Oacute;A</strong></p>\r\n<ul>\r\n	<li>\r\n		Hoạt động thể thao v&agrave; sinh hoạt đội nh&oacute;m</li>\r\n	<li>\r\n		Tham quan c&aacute;c địa điểm du lịch nổi tiếng</li>\r\n</ul>\r\n', '', 'http://ila-duhoc.edu.vn/duhoche2017/public/upload/tour/1486433888_MEL-SYD-AUCKLAND.jpg', '', '', '', '15-07-2017', '', '$6.060', 'Từ 12 - 17 tuổi', '1', '21', '7', '2017-01-20 06:43:44', '2017-02-24 08:10:01');
INSERT INTO `tours` VALUES ('22', 'Singapore - Nhà lãnh đạo trẻ', 'singapore-nha-lanh-dao-tre', 'Khóa học ngắn hình thành tư duy và kiến thức về cuộc sống ngày nay', '<p>\r\n	Với trại h&egrave; &quot;Nh&agrave; l&atilde;nh đạo trẻ&quot;, c&aacute;c em học sinh sẽ sinh hoạt tại D&rsquo;Resort. B&ecirc;n cạnh đ&oacute;, c&aacute;c em c&ograve;n được đ&agrave;o tạo tiếng Anh tại học viện SSTC - nơi đ&agrave;o tạo tiếng Anh chất lượng cao, thu h&uacute;t rất nhiều du học sinh quốc tế đến học tập tại Singapore.</p>\r\n<ul>\r\n	<li>\r\n		D&agrave;nh cho học sinh từ 7 &ndash; 17 tuổi</li>\r\n	<li>\r\n		Lịch chương tr&igrave;nh: 28/05/2017 &ndash; 03/06/2017</li>\r\n</ul>\r\n<p>\r\n	<strong>GIỚI THIỆU VỀ CHƯƠNG TR&Igrave;NH V&Agrave; ĐỊA ĐIỂM HỌC</strong><br />\r\n	Timeworld được th&agrave;nh lập năm 1998, l&agrave; tổ chức chuy&ecirc;n cung cấp c&aacute;c chương tr&igrave;nh cao cấp v&agrave; đa dạng như du học h&egrave;, giao lưu văn h&oacute;a, du lịch tại Singapore. Với trại h&egrave; &ldquo;Nh&agrave; l&atilde;nh đạo trẻ&rdquo;, c&aacute;c em học sinh sẽ sinh hoạt tại D&rsquo;Resort. B&ecirc;n cạnh đ&oacute;, c&aacute;c em c&ograve;n được đ&agrave;o tạo tiếng anh tại viện SSTC &ndash; nơi đ&agrave;o tạo tiếng anh chất lượng cao, thu h&uacute;t rất nhiều du học sinh quốc tế đến học tập tại Singapore.<br />\r\n	Trại h&egrave; &ldquo;Nh&agrave; l&atilde;nh đạo trẻ&rdquo; sẽ mang đến những b&agrave;i học v&agrave; kinh nghiệm qu&yacute; b&aacute;u cho c&aacute;c em trong việc học tập v&agrave; sinh hoạt tại Singapore.</p>\r\n<p>\r\n	<strong>CHƯƠNG TR&Igrave;NH HỌC TẬP</strong></p>\r\n<ul>\r\n	<li>\r\n		4 buổi học tiếng anh</li>\r\n	<li>\r\n		Học tiếng anh th&ocirc;ng qua chuy&ecirc;n đề: Thử th&aacute;ch sự tự tin, L&agrave;m việc nh&oacute;m, Nhận biết bản th&acirc;n &hellip;</li>\r\n	<li>\r\n		Hoạt động ngoại kh&oacute;a kết hợp h&agrave;i h&ograve;a giữa c&aacute;c giờ học tiếng anh mang lại cho c&aacute;c em những trải nghiệm mới về văn h&oacute;a, ng&ocirc;n ngữ v&agrave; ph&aacute;t triển kỹ năng l&agrave;m việc đội nh&oacute;m</li>\r\n</ul>\r\n<p>\r\n	<strong>HOẠT ĐỘNG NGOẠI KH&Oacute;A</strong></p>\r\n<ul>\r\n	<li>\r\n		Hoạt động thể thao v&agrave; sinh hoạt đội nh&oacute;m</li>\r\n	<li>\r\n		Tham quan c&aacute;c địa điểm du lịch nổi tiếng như:&nbsp;Marina Bay Sands,&nbsp;nh&agrave; h&aacute;t Esplanade, c&ocirc;ng vi&ecirc;n Merlio v&agrave; Sir Stamford Raffles, trung t&acirc;m khoa học Singapore v&agrave; nh&agrave; h&aacute;t Omni,&nbsp;phố Trung Hoa v&agrave; ph&ograve;ng tranh City Gallery,&nbsp;Universal Studio Singapore, ...</li>\r\n</ul>\r\n<p>\r\n	<strong>RESORT</strong><br />\r\n	Resort 4* đẹp v&agrave; hiện đại gi&uacute;p c&aacute;c em c&oacute; những ng&agrave;y h&egrave; thoải m&aacute;i để c&ugrave;ng tham gia sinh hoạt, l&agrave;m việc, chia sẻ tr&aacute;ch nhiệm v&agrave; h&ograve;a nhập c&ugrave;ng những người bạn mới sẽ gi&uacute;p c&aacute;c em quen dần với sự tự lập v&agrave; sống c&oacute; tr&aacute;ch nhiệm với bản th&acirc;n</p>\r\n', '', 'http://ila-duhoc.edu.vn/duhoche2017/public/upload/tour/1486433944_SINGAPORE-NLDT.jpg', '', '', '', '28-05-2017', '', '$2.280', 'Từ 7 - 17 tuổi', '1', '22', '5', '2017-01-20 06:44:41', '2017-02-24 03:57:57');
INSERT INTO `tours` VALUES ('23', 'Singapore - Nhà lãnh đạo trẻ 2', 'singapore-nha-lanh-dao-tre-2', 'Khóa học ngắn hình thành tư duy và kiến thức về cuộc sống ngày nay', '<p>\r\n	Với trại h&egrave; &quot;Nh&agrave; l&atilde;nh đạo trẻ&quot;, c&aacute;c em học sinh sẽ sinh hoạt tại D&rsquo;Resort. B&ecirc;n cạnh đ&oacute;, c&aacute;c em c&ograve;n được đ&agrave;o tạo tiếng Anh tại học viện SSTC - nơi đ&agrave;o tạo tiếng Anh chất lượng cao, thu h&uacute;t rất nhiều du học sinh quốc tế đến học tập tại Singapore.</p>\r\n<p>\r\n	D&agrave;nh cho học sinh từ 7 &ndash; 17 tuổi</p>\r\n<p>\r\n	Lịch chương tr&igrave;nh:&nbsp; 18/06/2017 &ndash; 24/06/2017</p>\r\n<p>\r\n	<strong><u>GIỚI THIỆU VỀ TRƯỜNG V&Agrave; ĐỊA ĐIỂM HỌC</u></strong></p>\r\n<p>\r\n	Timesworld được th&agrave;nh lập v&agrave;o năm 1998, l&agrave; tổ chức chuy&ecirc;n cung cấp c&aacute;c chương tr&igrave;nh cao cấp v&agrave; đa dạng như du học h&egrave;, giao lưu văn h&oacute;a, du lịch tại Singapore. Với trại h&egrave; &ldquo;Nh&agrave; l&atilde;nh đạo trẻ&rdquo;, c&aacute;c em học sinh sẽ sinh hoạt tại D&rsquo;Resort. B&ecirc;n cạnh đ&oacute;, c&aacute;c em c&ograve;n được đ&agrave;o tạo tiếng Anh tại học viện SSTC &ndash; nơi đ&agrave;o tạo tiếng Anh chất lượng cao, thu h&uacute;t rất nhiều du học sinh quốc tế đến học tập tại Singapore.</p>\r\n<p>\r\n	Trại h&egrave; &ldquo;Nh&agrave; l&atilde;nh đạo trẻ&rdquo; sẽ mang đến những b&agrave;i học kinh nghiệm qu&yacute; b&aacute;u cho c&aacute;c em trong việc học tập v&agrave; sinh hoạt tại Singapore.</p>\r\n<p>\r\n	-&nbsp;&nbsp;&nbsp;&nbsp;&nbsp;&nbsp;&nbsp;&nbsp;&nbsp; Thời tiết: 28 &ndash; 30<sup>o</sup>C</p>\r\n<p>\r\n	-&nbsp;&nbsp;&nbsp;&nbsp;&nbsp;&nbsp;&nbsp;&nbsp;&nbsp; Địa điểm cư tr&uacute;: D&rsquo;Resort</p>\r\n<p>\r\n	-&nbsp;&nbsp;&nbsp;&nbsp;&nbsp;&nbsp;&nbsp;&nbsp;&nbsp; Địa điểm học tập: Học viện SSTC</p>\r\n<p>\r\n	<strong><u>CHƯƠNG TR&Igrave;NH HỌC TẬP</u></strong></p>\r\n<p>\r\n	-&nbsp;&nbsp;&nbsp;&nbsp;&nbsp;&nbsp;&nbsp;&nbsp;&nbsp; 4 buổi học tiếng anh</p>\r\n<p>\r\n	-&nbsp;&nbsp;&nbsp;&nbsp;&nbsp;&nbsp;&nbsp;&nbsp;&nbsp; Học tập tiếng anh th&ocirc;ng qua chuy&ecirc;n đề: Thử th&aacute;ch sự tự tin, L&agrave;m việc nh&oacute;m, Nhận biết bản th&acirc;n&hellip;</p>\r\n<p>\r\n	-&nbsp;&nbsp;&nbsp;&nbsp;&nbsp;&nbsp;&nbsp;&nbsp;&nbsp; Hoạt động ngoại kh&oacute;a kết hợp h&agrave;i h&ograve;a giữa c&aacute;c giờ học tiếng anh mang lại cho c&aacute;c em trải nghiệm mới về văn h&oacute;a, ng&ocirc;n ngữ v&agrave; ph&aacute;t triển kỹ năng l&agrave;m việc nh&oacute;m</p>\r\n<p>\r\n	<strong><u>HOẠT ĐỘNG NGOẠI KH&Oacute;A</u></strong></p>\r\n<p>\r\n	-&nbsp;&nbsp;&nbsp;&nbsp;&nbsp;&nbsp;&nbsp;&nbsp;&nbsp; Hoạt động thể thao v&agrave; sinh hoạt đội nh&oacute;m</p>\r\n<p>\r\n	-&nbsp;&nbsp;&nbsp;&nbsp;&nbsp;&nbsp;&nbsp;&nbsp;&nbsp; Tham qua c&aacute;c địa điểm du lịch nổi tiếng:&nbsp;nh&agrave; h&aacute;t Esplanade, c&ocirc;ng vi&ecirc;n Merlio v&agrave; Sir Stamford Raffles, trung t&acirc;m khoa học Singapore v&agrave; nh&agrave; h&aacute;t Omni,&nbsp;phố Trung Hoa v&agrave; ph&ograve;ng tranh City Gallery,&nbsp;Universal Studio Singapore, tham gia&nbsp;buổi biểu diễn nhạc nước Wonderful show tại Marina Bay Sands,..</p>\r\n', '', 'http://ila-duhoc.edu.vn/duhoche2017/public/upload/tour/1486433974_SINGAPORE-NLDT2.jpg', '', '', '', '18-06-2017', '', '$2.280', 'Từ 7 - 17 tuổi', '1', '23', '5', '2017-01-20 06:54:55', '2017-02-24 03:09:09');
INSERT INTO `tours` VALUES ('24', 'Singapore - Giao lưu văn hóa', 'singapore-giao-luu-van-hoa', 'Trại hè Singapore  giúp bổ sung kiến thức và kỹ năng toàn diện ', '<p>\r\n	Chuyến đi 9 ng&agrave;y l&agrave; sự kết hợp giữa những buổi học kỹ năng giao tiếp v&agrave; t&igrave;m hiểu về văn h&oacute;a của Singapore. Đồng thời c&aacute;c em sẽ được tham quan tại những điểm nổi tiếng tại Singapore.</p>\r\n<p>\r\n	- D&agrave;nh cho học sinh từ 9 - 17 tuổi<br />\r\n	- Lịch chương tr&igrave;nh: 18/06/2017 &ndash; 26/06/2017</p>\r\n<p>\r\n	<strong>CHƯƠNG TR&Igrave;NH HỌC TẬP TO&Agrave;N DIỆN</strong><br />\r\n	- 5 buổi học tiếng Anh kết hợp t&igrave;m hiểu văn h&oacute;a .<br />\r\n	- Luyện tập v&agrave; ph&aacute;t triển kỹ năng bản th&acirc;n, x&acirc;y dựng sự tự tin.<br />\r\n	- C&aacute;c hoạt động h&agrave;ng ng&agrave;y của c&acirc;u lạc bộ<br />\r\n	- Chứng nhận ho&agrave;n tất kh&oacute;a học bởi CSL Bridge<br />\r\n	<br />\r\n	<strong>HOẠT ĐỘNG NGOẠI KH&Oacute;A TH&Uacute; VỊ</strong><br />\r\n	- Hoạt động thể thao v&agrave; sinh hoạt ngoại kh&oacute;a h&agrave;ng ng&agrave;y.<br />\r\n	- Tham quan c&aacute;c địa điểm du lịch nổi tiếng như: c&ocirc;ng vi&ecirc;n Merlion, nh&agrave; h&aacute;t Esplanade, trung t&acirc;m Khoa học, nh&agrave; h&aacute;t Omni,&nbsp;C&ocirc;ng Vi&ecirc;n Chim Jurong , trung t&acirc;m xử l&yacute; nước Newater,&nbsp;phố Người Ấn, đường Arab, phố người Hoa,&nbsp;Universal Studios - Singapore, ...</p>\r\n', '', 'http://ila-duhoc.edu.vn/duhoche2017/public/upload/tour/1486434698_SINGAPORE-GIAOLUUVH(2).jpg', '', '', '', '18-06-2017', '', '$2.560', 'Từ 8 - 17 tuổi', '0', '24', '5', '2017-01-20 06:55:52', '2017-04-20 02:10:55');
INSERT INTO `tours` VALUES ('25', 'Singapore - Malay - Giao lưu văn hóa', 'singapore-malay-giao-luu-van-hoa', 'Trại hè bổ sung kiến thức và kỹ năng toàn diện kết hợp với chuyến tham quan 2 ngày tại Malaysia', '<p>\r\n	Chuyến đi 2 tuần l&agrave; sự kết hợp giữa những buổi học kỹ năng giao tiếp v&agrave; t&igrave;m hiểu về văn h&oacute;a của 2 quốc gia Singapore v&agrave; Malaysia. Đồng thời c&aacute;c em sẽ được tham quan tại những điểm nổi tiếng tại Singapore v&agrave; Malaysia.</p>\r\n<p>\r\n	- D&agrave;nh cho học sinh từ 9 - 17 tuổi<br />\r\n	- Lịch chương tr&igrave;nh: 04/06/2017 &ndash; 17/06/2017</p>\r\n<p>\r\n	<strong>GIỚI THIỆU VỀ TRƯỜNG V&Agrave; ĐỊA ĐIỂM HỌC</strong><br />\r\n	Chuyến đi 2 tuần l&agrave; sự kết hợp giữa những buổi học kỹ năng giao tiếp v&agrave; t&igrave;m hiểu về văn h&oacute;a của 2 quốc gia Singapore v&agrave; Malaysia. Đồng thời c&aacute;c em sẽ được tham quan tại những điểm nổi tiếng tại Singapore v&agrave; Malaysia.</p>\r\n<p>\r\n	<strong>CHƯƠNG TR&Igrave;NH HỌC TẬP TO&Agrave;N DIỆN</strong><br />\r\n	- 7 buổi học tiếng Anh kết hợp t&igrave;m hiểu văn h&oacute;a .<br />\r\n	- Luyện tập v&agrave; ph&aacute;t triển kỹ năng bản th&acirc;n, x&acirc;y dựng sự tự tin.<br />\r\n	- C&aacute;c hoạt động h&agrave;ng ng&agrave;y của c&acirc;u lạc bộ<br />\r\n	- Chứng nhận ho&agrave;n tất kh&oacute;a học bởi CSL Bridge<br />\r\n	<br />\r\n	<strong>HOẠT ĐỘNG NGOẠI KH&Oacute;A TH&Uacute; VỊ</strong><br />\r\n	- Hoạt động thể thao v&agrave; sinh hoạt ngoại kh&oacute;a h&agrave;ng ng&agrave;y.<br />\r\n	- Tham quan c&aacute;c địa điểm du lịch nổi tiếng như:&nbsp;C&ocirc;ng vi&ecirc;n Merlion, Nh&agrave; h&aacute;t Esplanade, đường Arab, Kapong Glam, khu phố Ả Rập Kampong Glam: Trung t&acirc;m Di sản Malay,&nbsp;&nbsp;Sở Th&uacute; Singapore,&nbsp;Phố người Hoa, ph&ograve;ng trưng b&agrave;y th&agrave;nh phố,&nbsp;quảng trường Bukit Holland, đền thờ Cheng Hoon, đường Janker, khu vườn nh&acirc;n tạo khổng lồ Garden by the Bay v&agrave; Marina Barrage, trung t&acirc;m Khoa học, nh&agrave; h&aacute;t Omni,&nbsp;Th&agrave;nh Phố Suntec, suối lộc v&agrave; Icenter,&nbsp;phố Người Ấn,&nbsp;Universal Studios - Singapore,...</p>\r\n<p>\r\n	&nbsp;</p>\r\n<p>\r\n	&nbsp;</p>\r\n', '', 'http://ila-duhoc.edu.vn/duhoche2017/public/upload/tour/1486434839_SINGAPORE-GIAOLUUVH.jpg', '', '', '', '04-06-2017', '', '$2.980', 'Từ 8 - 17 tuổi', '1', '25', '6', '2017-01-20 06:56:50', '2017-02-24 03:48:01');
INSERT INTO `tours` VALUES ('26', 'Singapore - Malay - Trải nghiệm Singapore', 'singapore-malay-trai-nghiem-singapore', 'Trại hè bổ sung kiến thức và kỹ năng toàn diện qua các lớp học thực tế như nấu ăn, khoa học, sinh học …', '<p>\r\n	Trong chuyến đi c&aacute;c em sẽ được tham quan vui chơi tại c&aacute;c địa điểm du lịch nổi tiếng của Singapore v&agrave; được đ&agrave;o tạo tiếng Anh tại học viện SSTC - nơi đ&agrave;o tạo tiếng Anh chất lượng cao, thu h&uacute;t rất nhiều du học sinh quốc tế đến học tập tại Singapore.</p>\r\n<p>\r\n	- D&agrave;nh cho học sinh từ 7 - 17 tuổi<br />\r\n	- Lịch chương tr&igrave;nh: 11/06/2017 &ndash; 24/06/2017.</p>\r\n<p>\r\n	<strong><u>GIỚI THIỆU VỀ </u></strong><strong><u>TR&rsaquo;</u></strong><strong><u>ỜNG V&Agrave;</u></strong><strong><u>&nbsp;ĐỊA ĐIỂM HỌC</u></strong></p>\r\n<p>\r\n	Timesworld được th&agrave;nh lập v&agrave;o năm 1998, l&agrave; tổ chức chuy&ecirc;n cung cấp c&aacute;c chương tr&igrave;nh cao cấp v&agrave; đa dạng như du học h&egrave;, giao lưu văn h&oacute;a, du lịch tại Singapore. Với trại h&egrave; c&aacute;c em học sinh sẽ sinh hoạt tại D&rsquo; Resort. B&ecirc;n cạnh đ&oacute;, c&aacute;c em c&ograve;n được đ&agrave;o tạo tiếng Anh tại học viện SSTC - nơi đ&agrave;o tạo tiếng Anh chất lượng cao, thu h&uacute;t rất nhiều du học sinh quốc tế đến học tập tại Singapore.</p>\r\n<p>\r\n	Trại h&egrave; sẽ mang đến những b&agrave;i học v&agrave; kinh nghiệm qu&yacute; b&aacute;u cho c&aacute;c em trong việc học tập v&agrave; sinh hoạt tại Singapore.&nbsp;</p>\r\n<p>\r\n	<strong>CHƯƠNG TR&Igrave;NH HỌC TẬP</strong><br />\r\n	- 4 buổi học tiếng Anh<br />\r\n	- Học tiếng Anh th&ocirc;ng qua chuy&ecirc;n đề: Thử th&aacute;ch sự tự tin, l&agrave;m việc nh&oacute;m, nhận biết bản th&acirc;n...<br />\r\n	- Hoạt động ngoại kh&oacute;a sự kết hợp h&agrave;i h&ograve;a giữa c&aacute;c giờ học tiếng Anh mang lại cho c&aacute;c em trải nghiệm mới về văn h&oacute;a, ng&ocirc;n ngữ v&agrave; ph&aacute;t triển kỹ năng l&agrave;m việc đội nh&oacute;m</p>\r\n<p>\r\n	<strong>HOẠT ĐỘNG NGOẠI KH&Oacute;A</strong><br />\r\n	- Hoạt động&nbsp; thể thao v&agrave; sinh hoạt đội nh&oacute;m<br />\r\n	- Tham quan c&aacute;c địa điểm du lịch nổi tiếng như:&nbsp;nh&agrave; h&aacute;t Esplanade, c&ocirc;ng vi&ecirc;n Merlio v&agrave; Sir Stamford Raffles,&nbsp;Trung t&acirc;m khoa học Singapore v&agrave; nh&agrave; h&aacute;t Omni,&nbsp;C&ocirc;ng vi&ecirc;n Jurong Bird,&nbsp;phố Trung Hoa v&agrave; ph&ograve;ng tranh City Gallery,&nbsp;th&agrave;nh phố Malacca,&nbsp;C&ocirc;ng vi&ecirc;n Legoland Theme,&nbsp;Trung t&acirc;m Newater Processing,&nbsp;Little India,&nbsp;Universal Studio Singapore, ...</p>\r\n<p>\r\n	<strong>RESORT:</strong><br />\r\n	Resort 4*&nbsp; đẹp v&agrave; hiện đại gi&uacute;p c&aacute;c b&eacute; c&oacute; những ng&agrave;y h&egrave; thoải m&aacute;i để c&ugrave;ng tham gia sinh hoạt, l&agrave;m việc, chia sẻ tr&aacute;ch nhiệm v&agrave; h&ograve;a nhập c&ugrave;ng những người bạn mới sẽ gi&uacute;p c&aacute;c em quen dần với sự tự lập v&agrave; sống c&oacute; tr&aacute;ch nhiệm với bản th&acirc;n</p>\r\n', '', 'http://ila-duhoc.edu.vn/duhoche2017/public/upload/tour/1486434922_SINGAPORE-GIAOLUUVH2.jpg', '', '', '', '11-06-2017', '', '$3.160', 'Từ 7 - 17 tuổi', '1', '26', '6', '2017-01-20 06:57:35', '2017-02-24 03:40:47');
INSERT INTO `tours` VALUES ('27', 'Singapore - Malay - Trải nghiệm Singapore 2', 'singapore-malay-trai-nghiem-singapore-2', 'Trại hè bổ sung kiến thức và kỹ năng toàn diện qua các lớp học thực tế như nấu ăn, khoa học, sinh học …', '<p>\r\n	Trong chuyến đi c&aacute;c em sẽ được tham quan vui chơi tại c&aacute;c địa điểm du lịch nổi tiếng của Singapore v&agrave; được đ&agrave;o tạo tiếng Anh tại học viện SSTC - nơi đ&agrave;o tạo tiếng Anh chất lượng cao, thu h&uacute;t rất nhiều du học sinh quốc tế đến học tập tại Singapore.</p>\r\n<ul>\r\n	<li>\r\n		D&agrave;nh cho học sinh từ 7 - 17 tuổi</li>\r\n	<li>\r\n		Lịch chương tr&igrave;nh: 09/07/2017 - 22/07/2017</li>\r\n</ul>\r\n<p>\r\n	<strong>GIỚI THIỆU VỀ TRƯỜNG V&Agrave; ĐỊA ĐIỂM HỌC</strong></p>\r\n<p>\r\n	Timesworld được th&agrave;nh lập v&agrave;o năm 1998, l&agrave; tổ chức chuy&ecirc;n cung cấp c&aacute;c chương tr&igrave;nh cao cấp v&agrave; đa dạng như du học h&egrave;, giao lưu văn h&oacute;a, du lịch tại Singapore. Với trại h&egrave; c&aacute;c em học sinh sẽ sinh hoạt tại D&rsquo; Resort. B&ecirc;n cạnh đ&oacute;, c&aacute;c em c&ograve;n được đ&agrave;o tạo tiếng Anh tại học viện SSTC - nơi đ&agrave;o tạo tiếng Anh chất lượng cao, thu h&uacute;t rất nhiều du học sinh quốc tế đến học tập tại Singapore.</p>\r\n<p>\r\n	Trại h&egrave; sẽ mang đến những b&agrave;i học v&agrave; kinh nghiệm qu&yacute; b&aacute;u cho c&aacute;c em trong việc học tập v&agrave; sinh hoạt tại Singapore.</p>\r\n<p>\r\n	<strong>CHƯƠNG TR&Igrave;NH HỌC TẬP</strong></p>\r\n<ul>\r\n	<li>\r\n		4 buổi học tiếng Anh</li>\r\n	<li>\r\n		Học tiếng Anh th&ocirc;ng qua chuy&ecirc;n đề: Thử th&aacute;ch sự tự tin, l&agrave;m việc nh&oacute;m, nhận biết bản th&acirc;n...</li>\r\n	<li>\r\n		Hoạt động ngoại kh&oacute;a c&ugrave;ng sự kết hợp h&agrave;i h&ograve;a giữa c&aacute;c giờ học tiếng Anh sẽ mang lại cho c&aacute;c em trải nghiệm mới về văn h&oacute;a, ng&ocirc;n ngữ v&agrave; ph&aacute;t triển kỹ năng l&agrave;m việc đội nh&oacute;m</li>\r\n</ul>\r\n<p>\r\n	<strong>HOẠT ĐỘNG NGOẠI KH&Oacute;A</strong></p>\r\n<ul>\r\n	<li>\r\n		Hoạt động thể thao v&agrave; sinh hoạt đội nh&oacute;m</li>\r\n	<li>\r\n		Tham quan c&aacute;c địa điểm du lịch nổi tiếng:&nbsp;nh&agrave; h&aacute;t Esplanade, c&ocirc;ng vi&ecirc;n Merlio v&agrave; Sir Stamford Raffles,&nbsp;Trung t&acirc;m khoa học Singapore v&agrave; nh&agrave; h&aacute;t Omni,&nbsp;C&ocirc;ng vi&ecirc;n Jurong Bird,&nbsp;Trung Hoa v&agrave; ph&ograve;ng tranh City Gallery,&nbsp;th&agrave;nh phố Malacca,&nbsp;phố Arab v&agrave; chợ Kampong Glam,&nbsp;Trung t&acirc;m Newater Processing,&nbsp;Little India,&nbsp;Universal Studio Singapore,&nbsp;C&ocirc;ng vi&ecirc;n Legoland Theme,&nbsp;Gardens by the bay,...</li>\r\n</ul>\r\n<p>\r\n	<strong>RESORT:</strong><br />\r\n	Resort 4*&nbsp; đẹp v&agrave; hiện đại gi&uacute;p c&aacute;c b&eacute; c&oacute; những ng&agrave;y h&egrave; thoải m&aacute;i để c&ugrave;ng tham gia sinh hoạt, l&agrave;m việc, chia sẻ tr&aacute;ch nhiệm v&agrave; h&ograve;a nhập c&ugrave;ng những người bạn mới sẽ gi&uacute;p c&aacute;c em quen dần với sự tự lập v&agrave; sống c&oacute; tr&aacute;ch nhiệm với bản th&acirc;n</p>\r\n<p>\r\n	&nbsp;</p>\r\n', '', 'http://ila-duhoc.edu.vn/duhoche2017/public/upload/tour/1486434989_SINGAPORE-MALAY-TRAINGHIEMSING.jpg', '', '', '', '09-07-2017', '', '$3.160', 'Từ 7 - 17 tuổi', '1', '27', '6', '2017-01-20 06:58:29', '2017-02-24 03:26:24');
INSERT INTO `tours` VALUES ('28', 'SYDNEY – 2 TUẦN', 'sydney-2-tuan', 'Embassy Summer (trực thuộc tập đoàn giáo dục nổi tiếng Study Group) là một trong những tổ chức hàng đầu trong lĩnh vực cung cấp chương trình du học hè tại Úc, Anh, Mỹ và Canada. ', '<p>\r\n	Embassy Summer (trực thuộc tập đo&agrave;n gi&aacute;o dục nổi tiếng Study Group) l&agrave; một trong những tổ chức h&agrave;ng đầu trong lĩnh vực cung cấp chương tr&igrave;nh du học h&egrave; tại &Uacute;c, Anh, Mỹ v&agrave; Canada. Với đội ngũ nh&acirc;n vi&ecirc;n, gi&aacute;o vi&ecirc;n chuy&ecirc;n nghiệp v&agrave; gi&agrave;u kinh nghiệm, Embassy Summer cam kết lu&ocirc;n mang đến những kh&oacute;a học chất lượng quốc tế.</p>\r\n<p>\r\n	H&atilde;y để kh&oacute;a du học h&egrave; &Uacute;c 2017 l&agrave; tiền đề cho kế hoạch du học th&agrave;nh c&ocirc;ng của c&aacute;c em sau n&agrave;y v&agrave; đ&acirc;y sẽ l&agrave; chuyến đi đem lại những trải nghiệm ch&acirc;n thực nhất cho c&aacute;c em đang c&oacute; &yacute; định du học l&acirc;u d&agrave;i tại đất nước n&agrave;y. Th&ecirc;m v&agrave;o đ&oacute;, sự tự lập, t&iacute;nh năng động v&agrave; bản lĩnh của c&aacute;c em cũng được r&egrave;n luyện qua việc c&ugrave;ng sống v&agrave; sinh hoạt với c&aacute;c gia đ&igrave;nh bản xứ trong suốt h&agrave;nh tr&igrave;nh.</p>\r\n<ul>\r\n	<li>\r\n		Địa điểm cư tr&uacute;: Nh&agrave; bản xứ</li>\r\n	<li>\r\n		Địa điểm học tập: Embassy Sydney Study Centre</li>\r\n</ul>\r\n<p>\r\n	<strong>CHƯƠNG TR&Igrave;NH HỌC TẬP</strong></p>\r\n<ul>\r\n	<li>\r\n		20 b&agrave;i học tiếng anh mỗi tuần</li>\r\n	<li>\r\n		Luyện tập v&agrave; ph&aacute;t triển kỹ năng bản th&acirc;n, x&acirc;y dựng sự tự tin</li>\r\n	<li>\r\n		Chứng nhận ho&agrave;n tất kh&oacute;a học của Embassy CES</li>\r\n</ul>\r\n<p>\r\n	<strong>HOẠT ĐỘNG NGOẠI KH&Oacute;A</strong></p>\r\n<ul>\r\n	<li>\r\n		Hoạt động thể thao v&agrave; sinh hoạt cộng đồng h&agrave;ng ng&agrave;y</li>\r\n	<li>\r\n		Tham quan c&aacute;c địa điểm du lịch nổi tiếng</li>\r\n</ul>\r\n<p>\r\n	<strong>HỌC PH&Iacute; BAO GỒM</strong></p>\r\n<ul>\r\n	<li>\r\n		Hướng dẫn v&agrave; hỗ trợ l&agrave;m hồ sơ xin Visa &Uacute;c</li>\r\n	<li>\r\n		Học tập v&agrave; vui chơi theo lịch của chương tr&igrave;nh</li>\r\n	<li>\r\n		Ở tại nh&agrave; bản xứ</li>\r\n	<li>\r\n		3 bữa ăn mỗi ng&agrave;y</li>\r\n	<li>\r\n		S&aacute;ch v&agrave; thiết bị học tập</li>\r\n	<li>\r\n		Chương tr&igrave;nh bảo hiểm y tế v&agrave; tai nạn trong suốt chuyến đi</li>\r\n	<li>\r\n		Gi&aacute;m s&aacute;t v&agrave; hỗ trợ 24/24 của nh&acirc;n vi&ecirc;n trường v&agrave; trưởng đo&agrave;n ILA v&agrave; trường/đối t&aacute;c bản xứ</li>\r\n	<li>\r\n		Qu&agrave; tặng từ ILA</li>\r\n	<li>\r\n		V&eacute; m&aacute;y bay quốc tế khứ hồi</li>\r\n</ul>\r\n<p>\r\n	<strong>Học ph&iacute; chưa bao gồm:</strong></p>\r\n<ul>\r\n	<li>\r\n		Chi ph&iacute; sinh hoạt c&aacute; nh&acirc;n</li>\r\n	<li>\r\n		Lệ ph&iacute; xin Visa &Uacute;c</li>\r\n</ul>\r\n', 'http://ila-duhoc.edu.vn/duhoche2017/public/upload/tour/1492655256_[AU5].jpg', 'http://ila-duhoc.edu.vn/duhoche2017/public/upload/tour/1492655242_[AU5].jpg', '', '', '', '22-07-2017', '05-08-2017', '', 'Dành cho học sinh từ 13 – 17 tuổi', '1', '28', '4', '2017-04-20 02:24:31', '2017-04-20 02:27:43');
INSERT INTO `tours` VALUES ('29', 'BOSTON + NEW YORK – 2 TUẦN', 'boston-new-york-2-tuan', 'Hãy bắt đầu mùa hè sôi động và bổ ích cho các em sớm nhất với chuyến du học hè tới hai thành phố sôi động của nước Mỹ: Boston và New York. ', '<p>\r\n	H&atilde;y bắt đầu m&ugrave;a h&egrave; s&ocirc;i động v&agrave; bổ &iacute;ch cho c&aacute;c em sớm nhất với chuyến du học h&egrave; tới hai th&agrave;nh phố s&ocirc;i động của nước Mỹ: Boston v&agrave; New York. Trong hai tuần tham gia chương tr&igrave;nh, c&aacute;c em sẽ trải nghiệm cuộc sống k&yacute; t&uacute;c x&aacute; tại trường Đại học Long Island với cơ sở vật chất tiện nghi để học hỏi những tinh hoa kiến thức v&agrave; văn h&oacute;a của th&agrave;nh phố hiện đại bậc nhất Hoa Kỳ.</p>\r\n<p>\r\n	Với 20 b&agrave;i học tiếng Anh mỗi tuần v&agrave; c&aacute;c hoạt động ngoại kh&oacute;a &yacute; nghĩa, c&aacute;c em sẽ được r&egrave;n luyện khả năng giao tiếp bằng tiếng Anh để chuẩn bị cho việc du học d&agrave;i hạn trong tương lai. &nbsp; &nbsp;</p>\r\n<ul>\r\n	<li>\r\n		Thời tiết: 24 &ndash; 26oC</li>\r\n	<li>\r\n		Địa điểm cư tr&uacute;: K&yacute; t&uacute;c x&aacute;</li>\r\n	<li>\r\n		Địa điểm học tập: Long Island University, Tufts University</li>\r\n</ul>\r\n<p>\r\n	<strong>CHƯƠNG TR&Igrave;NH HỌC TẬP</strong></p>\r\n<ul>\r\n	<li>\r\n		20 b&agrave;i học tiếng Anh mỗi tuần</li>\r\n	<li>\r\n		Lớp học &iacute;t học sinh</li>\r\n	<li>\r\n		Luyện tập v&agrave; ph&aacute;t triển kỹ năng bản th&acirc;n, x&acirc;y dựng sự tự tin</li>\r\n	<li>\r\n		Chứng nhận ho&agrave;n tất kh&oacute;a học bởi Embassy CES</li>\r\n</ul>\r\n<p>\r\n	<strong>HOẠT ĐỘNG NGOẠI KH&Oacute;A</strong></p>\r\n<ul>\r\n	<li>\r\n		Hoạt động thể thao v&agrave; sinh hoạt cộng đồng h&agrave;ng ng&agrave;y</li>\r\n	<li>\r\n		Tham quan c&aacute;c địa điểm du lịch nổi tiếng</li>\r\n</ul>\r\n<p>\r\n	<strong>HỌC PH&Iacute; BAO GỒM</strong></p>\r\n<ul>\r\n	<li>\r\n		Hỗ trợ l&agrave;m hồ sơ xin Visa, luyện phỏng vấn cho học sinh</li>\r\n	<li>\r\n		Học tập v&agrave; vui chơi theo lịch của chương tr&igrave;nh</li>\r\n	<li>\r\n		Ở tại k&yacute; t&uacute;c x&aacute;</li>\r\n	<li>\r\n		3 bữa ăn mỗi ng&agrave;y</li>\r\n	<li>\r\n		S&aacute;ch v&agrave; thiết bị học tập</li>\r\n	<li>\r\n		Chương tr&igrave;nh Bảo hiểm y tế v&agrave; tai nạn trong suốt chuyến đi</li>\r\n	<li>\r\n		Gi&aacute;m s&aacute;t v&agrave; hỗ trợ 24/24 của nh&acirc;n vi&ecirc;n trường v&agrave; trưởng đo&agrave;n ILA v&agrave; Trường/Đối t&aacute;c bản xứ</li>\r\n	<li>\r\n		Qu&agrave; tặng từ ILA</li>\r\n	<li>\r\n		V&eacute; m&aacute;y bay quốc tế khứ hồi</li>\r\n</ul>\r\n<p>\r\n	<strong>Học ph&iacute; chưa bao gồm</strong></p>\r\n<ul>\r\n	<li>\r\n		Chi ph&iacute; sinh hoạt c&aacute; nh&acirc;n</li>\r\n	<li>\r\n		Lệ ph&iacute; xin Visa Mỹ</li>\r\n</ul>\r\n', 'http://ila-duhoc.edu.vn/duhoche2017/public/upload/tour/1492655943_[BOS4].jpg', 'http://ila-duhoc.edu.vn/duhoche2017/public/upload/tour/1492655943_[BOS4].jpg', '', '', '', '16-07-2017', '30-04-2017', '', 'Dành cho học sinh từ 12 – 17 tuổi', '1', '29', '1', '2017-04-20 02:38:40', '2017-04-20 02:39:03');
INSERT INTO `tours` VALUES ('30', 'LOS ANGELES + SAN FRANCISCO - 2 TUẦN ', 'los-angeles-san-francisco-2-tuan-', 'Hành trình đi qua 2 thành phố mơ ước của đa số du học sinh:  sẽ đưa các em học hỏi và tham quan 2 thành phố hiện đại và sầm uất bậc nhất Los Angeles - San Francisco.', '<p>\r\n	H&agrave;nh tr&igrave;nh đi qua 2 th&agrave;nh phố mơ ước của đa số du học sinh: &nbsp;sẽ đưa c&aacute;c em học hỏi v&agrave; tham quan 2 th&agrave;nh phố hiện đại v&agrave; sầm uất bậc nhất Los Angeles - San Francisco. L&agrave; đất nước c&oacute; hệ thống gi&aacute;o dục h&agrave;ng đầu thế giới, kh&ocirc;ng ngạc nhi&ecirc;n khi Mỹ quy tụ những học sinh từ nhiều nền văn h&oacute;a kh&aacute;c nhau.</p>\r\n<p>\r\n	Tham gia kh&oacute;a học h&egrave;, b&ecirc;n cạnh việc r&egrave;n luyện tiếng Anh, c&aacute;c em sẽ c&oacute; cơ hội kết bạn với những người bạn quốc tế, mở rộng mối quan hệ, chuẩn bị cho h&agrave;nh tr&igrave;nh trở th&agrave;nh c&ocirc;ng d&acirc;n to&agrave;n cầu trong tương lai.</p>\r\n<ul>\r\n	<li>\r\n		Thời tiết: 25 - 31 C</li>\r\n	<li>\r\n		Địa điểm cư tr&uacute;: K&yacute; t&uacute;c x&aacute;&nbsp;</li>\r\n	<li>\r\n		Địa điểm học tập: University of California - Los Angeles, San Jose State University</li>\r\n</ul>\r\n<p>\r\n	<strong>GIỚI THIỆU VỀ TRƯỜNG V&Agrave; ĐỊA ĐIỂM HỌC</strong></p>\r\n<p>\r\n	Tamwood English Centres - Học viện Anh ngữ quốc tế l&agrave; một trong s&aacute;u học viện c&oacute; chương tr&igrave;nh đ&agrave;o tạo Anh ngữ được y&ecirc;u th&iacute;ch nhất tại Mỹ. Với hơn 23 năm kinh nghiệm tổ chức c&aacute;c chương tr&igrave;nh Anh ngữ, chương tr&igrave;nh trải nghiệm việc l&agrave;m, Tamwood hiện l&agrave; lựa chọn h&agrave;ng đầu của c&aacute;c sinh vi&ecirc;n từ khắp nơi tr&ecirc;n thế giới nhờ c&aacute;c kh&oacute;a học gi&agrave;u t&iacute;nh tương t&aacute;c, năng động, đa ng&ocirc;n ngữ v&agrave; văn h&oacute;a, nhiều cơ hội giao lưu học hỏi. Đến với chương tr&igrave;nh du học h&egrave; 2017 của ILA, c&aacute;c em sẽ được học tập tại cơ sở của 2 trường Đại học nổi tiếng l&agrave; Đại học California, Los Angles v&agrave; &nbsp;Đại học San Jose.</p>\r\n<p>\r\n	<strong>CHƯƠNG TR&Igrave;NH HỌC TẬP</strong></p>\r\n<ul>\r\n	<li>\r\n		15 giờ học tiếng Anh mỗi tuần</li>\r\n	<li>\r\n		Lớp học &iacute;t học sinh</li>\r\n	<li>\r\n		Luyện tập v&agrave; ph&aacute;t triển kỹ năng bản th&acirc;n, x&acirc;y dựng sự tự tin</li>\r\n	<li>\r\n		Chứng nhận ho&agrave;n tất kh&oacute;a học bởi&nbsp; Tamwood</li>\r\n</ul>\r\n<p>\r\n	<strong>HOẠT ĐỘNG NGOẠI KH&Oacute;A&nbsp;</strong></p>\r\n<ul>\r\n	<li>\r\n		Hoạt động thể thao v&agrave; sinh hoạt cộng đồng h&agrave;ng ng&agrave;y</li>\r\n	<li>\r\n		Tham quan c&aacute;c địa điểm du lịch nổi tiếng</li>\r\n</ul>\r\n<p>\r\n	<strong>HỌC PH&Iacute; BAO GỒM</strong></p>\r\n<ul>\r\n	<li>\r\n		Hỗ trợ l&agrave;m hồ sơ xin Visa, luyện phỏng vấn cho học sinh</li>\r\n	<li>\r\n		Học tập v&agrave; vui chơi theo lịch của chương tr&igrave;nh</li>\r\n	<li>\r\n		Ở tại k&yacute; t&uacute;c x&aacute;</li>\r\n	<li>\r\n		3 bữa ăn mỗi ng&agrave;y</li>\r\n	<li>\r\n		S&aacute;ch v&agrave; thiết bị học tập</li>\r\n	<li>\r\n		Chương tr&igrave;nh Bảo hiểm y tế v&agrave; tai nạn trong suốt chuyến đi</li>\r\n	<li>\r\n		Gi&aacute;m s&aacute;t v&agrave; hỗ trợ 24/24 của nh&acirc;n vi&ecirc;n trường v&agrave; trưởng đo&agrave;n ILA v&agrave; Trường/Đối t&aacute;c bản xứ</li>\r\n	<li>\r\n		Qu&agrave; tặng từ ILA</li>\r\n	<li>\r\n		V&eacute; m&aacute;y bay quốc tế khứ hồi</li>\r\n</ul>\r\n<p>\r\n	<strong>Học ph&iacute; chưa bao gồm</strong></p>\r\n<ul>\r\n	<li>\r\n		Chi ph&iacute; sinh hoạt c&aacute; nh&acirc;n</li>\r\n	<li>\r\n		Lệ ph&iacute; xin Visa Mỹ</li>\r\n</ul>\r\n', 'http://ila-duhoc.edu.vn/duhoche2017/public/upload/tour/1492656490_[LAFS2].jpg', 'http://ila-duhoc.edu.vn/duhoche2017/public/upload/tour/1492656490_[LAFS2].jpg', '', '', '', '23-07-2017', '05-08-2017', '', 'Dành cho học sinh từ 13 - 17 tuổi', '1', '30', '1', '2017-04-20 02:48:10', '2017-04-20 02:48:10');
INSERT INTO `tours` VALUES ('31', 'TRẢI NGHIỆM ĐẤT NƯỚC SINGAPORE HỌC TIẾNG ANH VÀ ẢO THUẬT – 2 TUẦN (tour 1)', 'trai-nghiem-dat-nuoc-singapore-hoc-tieng-anh-va-ao-thuat-2-tuan-tour-1-', 'Timesworld được thành lập vào năm 1998, là tổ chức chuyên cung cấp các chương trình cao cấp và đa dạng như du học hè, giao lưu văn hóa, du lịch tại Singapore.', '<p>\r\n	Timesworld được th&agrave;nh lập v&agrave;o năm 1998, l&agrave; tổ chức chuy&ecirc;n cung cấp c&aacute;c chương tr&igrave;nh cao cấp v&agrave; đa dạng như du học h&egrave;, giao lưu văn h&oacute;a, du lịch tại Singapore. Với trại h&egrave; c&aacute;c em học sinh sẽ sinh hoạt tại D&rsquo;resort. B&ecirc;n cạnh đ&oacute;, c&aacute;c em c&ograve;n được đ&agrave;o tạo tiếng Anh tại học viện SSTC &ndash; nơi đ&agrave;o tạo tiếng anh chất lượng cao, thu h&uacute;t rất nhiều du học sinh quốc tế đến học tập tại Singapore.</p>\r\n<p>\r\n	Trại h&egrave; sẽ mang đến những b&agrave;i học th&uacute; vị bổ &iacute;ch c&ugrave;ng kh&aacute;m ph&aacute; những tr&ograve; Ảo thuật b&iacute; ẩn v&agrave; những kinh nghiệm qu&yacute; b&aacute;u cho c&aacute;c em trong việc học tập v&agrave; sinh hoạt tại Singapore.</p>\r\n<ul>\r\n	<li>\r\n		Thời tiết: 28 &ndash; 30oC</li>\r\n	<li>\r\n		Địa điểm cư tr&uacute;: D&rsquo;Resort</li>\r\n	<li>\r\n		Địa điểm học tập: Học viện SSTC</li>\r\n</ul>\r\n<p>\r\n	<strong>CHƯƠNG TR&Igrave;NH HỌC TẬP</strong></p>\r\n<ul>\r\n	<li>\r\n		12 giờ học tiếng anh</li>\r\n	<li>\r\n		9 giờ học tiếng anh th&ocirc;ng qua hoạt động ảo thuật v&agrave; sinh hoạt cộng đồng</li>\r\n</ul>\r\n<p>\r\n	<strong>HOẠT ĐỘNG NGOẠI KH&Oacute;A</strong></p>\r\n<ul>\r\n	<li>\r\n		Hoạt động thể thao v&agrave; sinh hoạt đội nh&oacute;m</li>\r\n	<li>\r\n		Tham quan c&aacute;c địa điểm du lịch nổi tiếng</li>\r\n</ul>\r\n<p>\r\n	<strong>HỌC PH&Iacute; BAO GỒM</strong></p>\r\n<ul>\r\n	<li>\r\n		Học tập v&agrave; vui chơi theo lịch của chương tr&igrave;nh</li>\r\n	<li>\r\n		Ở tại Resort</li>\r\n	<li>\r\n		3 bữa ăn mỗi ng&agrave;y</li>\r\n	<li>\r\n		S&aacute;ch v&agrave; thiết bị học tập</li>\r\n	<li>\r\n		Chương tr&igrave;nh Bảo hiểm y tế v&agrave; tai nạn trong suốt chuyến đi</li>\r\n	<li>\r\n		Gi&aacute;m s&aacute;t v&agrave; hỗ trợ 24/24 của nh&acirc;n vi&ecirc;n trường v&agrave; trưởng đo&agrave;n ILA v&agrave; Trường/Đối t&aacute;c bản xứ</li>\r\n	<li>\r\n		Q&ugrave;a tặng từ ILA</li>\r\n	<li>\r\n		V&eacute; m&aacute;y bay quốc tế khứ hồi</li>\r\n</ul>\r\n<p>\r\n	<strong>Học ph&iacute; chưa bao gồm</strong></p>\r\n<ul>\r\n	<li>\r\n		Chi ph&iacute; sinh hoạt c&aacute; nh&acirc;n</li>\r\n</ul>\r\n', 'http://ila-duhoc.edu.vn/duhoche2017/public/upload/tour/1492656807_[MAGIC1].jpg', 'http://ila-duhoc.edu.vn/duhoche2017/public/upload/tour/1492656807_[MAGIC1].jpg', '', '', '', '25-06-2017', '08-07-2017', '', 'Dành cho học sinh từ 7 – 17 tuổi', '1', '31', '5', '2017-04-20 02:53:27', '2017-04-20 02:53:27');
INSERT INTO `tours` VALUES ('32', 'TRẢI NGHIỆM ĐẤT NƯỚC SINGAPORE HỌC TIẾNG ANH VÀ ẢO THUẬT – 2 TUẦN (tour 2)', 'trai-nghiem-dat-nuoc-singapore-hoc-tieng-anh-va-ao-thuat-2-tuan-tour-2-', 'Timesworld được thành lập vào năm 1998, là tổ chức chuyên cung cấp các chương trình cao cấp và đa dạng như du học hè, giao lưu văn hóa, du lịch tại Singapore. ', '<p>\r\n	Timesworld được th&agrave;nh lập v&agrave;o năm 1998, l&agrave; tổ chức chuy&ecirc;n cung cấp c&aacute;c chương tr&igrave;nh cao cấp v&agrave; đa dạng như du học h&egrave;, giao lưu văn h&oacute;a, du lịch tại Singapore. Với trại h&egrave; c&aacute;c em học sinh sẽ sinh hoạt tại D&rsquo;resort. B&ecirc;n cạnh đ&oacute;, c&aacute;c em c&ograve;n được đ&agrave;o tạo tiếng Anh tại học viện SSTC &ndash; nơi đ&agrave;o tạo tiếng anh chất lượng cao, thu h&uacute;t rất nhiều du học sinh quốc tế đến học tập tại Singapore.</p>\r\n<p>\r\n	Trại h&egrave; sẽ mang đến những b&agrave;i học th&uacute; vị bổ &iacute;ch c&ugrave;ng kh&aacute;m ph&aacute; những tr&ograve; Ảo thuật b&iacute; ẩn v&agrave; những kinh nghiệm qu&yacute; b&aacute;u cho c&aacute;c em trong việc học tập v&agrave; sinh hoạt tại Singapore.</p>\r\n<ul>\r\n	<li>\r\n		Thời tiết: 28 &ndash; 30oC</li>\r\n	<li>\r\n		Địa điểm cư tr&uacute;: D&rsquo;Resort</li>\r\n	<li>\r\n		Địa điểm học tập: Học viện SSTC</li>\r\n</ul>\r\n<p>\r\n	<strong>CHƯƠNG TR&Igrave;NH HỌC TẬP</strong></p>\r\n<ul>\r\n	<li>\r\n		12 giờ học tiếng anh</li>\r\n	<li>\r\n		9 giờ học tiếng anh th&ocirc;ng qua hoạt động ảo thuật v&agrave; sinh hoạt cộng đồng</li>\r\n</ul>\r\n<p>\r\n	<strong>HOẠT ĐỘNG NGOẠI KH&Oacute;A</strong></p>\r\n<ul>\r\n	<li>\r\n		Hoạt động thể thao v&agrave; sinh hoạt đội nh&oacute;m</li>\r\n	<li>\r\n		Tham quan c&aacute;c địa điểm du lịch nổi tiếng</li>\r\n</ul>\r\n<p>\r\n	<strong>HỌC PH&Iacute; BAO GỒM</strong></p>\r\n<ul>\r\n	<li>\r\n		Học tập v&agrave; vui chơi theo lịch của chương tr&igrave;nh</li>\r\n	<li>\r\n		Ở tại Resort</li>\r\n	<li>\r\n		3 bữa ăn mỗi ng&agrave;y</li>\r\n	<li>\r\n		S&aacute;ch v&agrave; thiết bị học tập</li>\r\n	<li>\r\n		Chương tr&igrave;nh Bảo hiểm y tế v&agrave; tai nạn trong suốt chuyến đi</li>\r\n	<li>\r\n		Gi&aacute;m s&aacute;t v&agrave; hỗ trợ 24/24 của nh&acirc;n vi&ecirc;n trường v&agrave; trưởng đo&agrave;n ILA v&agrave; Trường/Đối t&aacute;c bản xứ</li>\r\n	<li>\r\n		Q&ugrave;a tặng từ ILA</li>\r\n	<li>\r\n		V&eacute; m&aacute;y bay quốc tế khứ hồi</li>\r\n</ul>\r\n<p>\r\n	<strong>Học ph&iacute; chưa bao gồm</strong></p>\r\n<ul>\r\n	<li>\r\n		Chi ph&iacute; sinh hoạt c&aacute; nh&acirc;n</li>\r\n</ul>\r\n', 'http://ila-duhoc.edu.vn/duhoche2017/public/upload/tour/1492657013_[MAGIC2].jpg', 'http://ila-duhoc.edu.vn/duhoche2017/public/upload/tour/1492657013_[MAGIC2].jpg', '', '', '', '16-07-2017', '29-07-2017', '', 'Dành cho học sinh từ 7 – 17 tuổi', '1', '32', '5', '2017-04-20 02:56:53', '2017-04-20 02:56:53');

-- ----------------------------
-- Table structure for tour_location
-- ----------------------------
DROP TABLE IF EXISTS `tour_location`;
CREATE TABLE `tour_location` (
  `id` int(10) unsigned NOT NULL AUTO_INCREMENT,
  `tour_id` int(10) unsigned NOT NULL,
  `location_id` int(10) unsigned NOT NULL,
  `created_at` timestamp NOT NULL DEFAULT '0000-00-00 00:00:00',
  `updated_at` timestamp NOT NULL DEFAULT '0000-00-00 00:00:00',
  PRIMARY KEY (`id`),
  KEY `tour_location_tour_id_foreign` (`tour_id`),
  KEY `tour_location_location_id_foreign` (`location_id`),
  CONSTRAINT `tour_location_location_id_foreign` FOREIGN KEY (`location_id`) REFERENCES `locations` (`id`) ON DELETE CASCADE,
  CONSTRAINT `tour_location_tour_id_foreign` FOREIGN KEY (`tour_id`) REFERENCES `tours` (`id`) ON DELETE CASCADE
) ENGINE=InnoDB AUTO_INCREMENT=33 DEFAULT CHARSET=utf8 COLLATE=utf8_unicode_ci;

-- ----------------------------
-- Records of tour_location
-- ----------------------------
INSERT INTO `tour_location` VALUES ('1', '1', '1', '0000-00-00 00:00:00', '0000-00-00 00:00:00');
INSERT INTO `tour_location` VALUES ('2', '2', '1', '0000-00-00 00:00:00', '0000-00-00 00:00:00');
INSERT INTO `tour_location` VALUES ('3', '3', '1', '0000-00-00 00:00:00', '0000-00-00 00:00:00');
INSERT INTO `tour_location` VALUES ('4', '4', '1', '0000-00-00 00:00:00', '0000-00-00 00:00:00');
INSERT INTO `tour_location` VALUES ('5', '5', '1', '0000-00-00 00:00:00', '0000-00-00 00:00:00');
INSERT INTO `tour_location` VALUES ('6', '6', '1', '0000-00-00 00:00:00', '0000-00-00 00:00:00');
INSERT INTO `tour_location` VALUES ('7', '7', '1', '0000-00-00 00:00:00', '0000-00-00 00:00:00');
INSERT INTO `tour_location` VALUES ('8', '8', '1', '0000-00-00 00:00:00', '0000-00-00 00:00:00');
INSERT INTO `tour_location` VALUES ('9', '9', '1', '0000-00-00 00:00:00', '0000-00-00 00:00:00');
INSERT INTO `tour_location` VALUES ('10', '10', '1', '0000-00-00 00:00:00', '0000-00-00 00:00:00');
INSERT INTO `tour_location` VALUES ('11', '11', '1', '0000-00-00 00:00:00', '0000-00-00 00:00:00');
INSERT INTO `tour_location` VALUES ('12', '12', '1', '0000-00-00 00:00:00', '0000-00-00 00:00:00');
INSERT INTO `tour_location` VALUES ('13', '13', '1', '0000-00-00 00:00:00', '0000-00-00 00:00:00');
INSERT INTO `tour_location` VALUES ('14', '14', '1', '0000-00-00 00:00:00', '0000-00-00 00:00:00');
INSERT INTO `tour_location` VALUES ('15', '15', '1', '0000-00-00 00:00:00', '0000-00-00 00:00:00');
INSERT INTO `tour_location` VALUES ('16', '16', '1', '0000-00-00 00:00:00', '0000-00-00 00:00:00');
INSERT INTO `tour_location` VALUES ('17', '17', '1', '0000-00-00 00:00:00', '0000-00-00 00:00:00');
INSERT INTO `tour_location` VALUES ('18', '18', '1', '0000-00-00 00:00:00', '0000-00-00 00:00:00');
INSERT INTO `tour_location` VALUES ('19', '19', '1', '0000-00-00 00:00:00', '0000-00-00 00:00:00');
INSERT INTO `tour_location` VALUES ('20', '20', '1', '0000-00-00 00:00:00', '0000-00-00 00:00:00');
INSERT INTO `tour_location` VALUES ('21', '21', '1', '0000-00-00 00:00:00', '0000-00-00 00:00:00');
INSERT INTO `tour_location` VALUES ('22', '22', '1', '0000-00-00 00:00:00', '0000-00-00 00:00:00');
INSERT INTO `tour_location` VALUES ('23', '23', '1', '0000-00-00 00:00:00', '0000-00-00 00:00:00');
INSERT INTO `tour_location` VALUES ('24', '24', '1', '0000-00-00 00:00:00', '0000-00-00 00:00:00');
INSERT INTO `tour_location` VALUES ('25', '25', '1', '0000-00-00 00:00:00', '0000-00-00 00:00:00');
INSERT INTO `tour_location` VALUES ('26', '26', '1', '0000-00-00 00:00:00', '0000-00-00 00:00:00');
INSERT INTO `tour_location` VALUES ('27', '27', '1', '0000-00-00 00:00:00', '0000-00-00 00:00:00');
INSERT INTO `tour_location` VALUES ('28', '28', '1', '0000-00-00 00:00:00', '0000-00-00 00:00:00');
INSERT INTO `tour_location` VALUES ('29', '29', '1', '0000-00-00 00:00:00', '0000-00-00 00:00:00');
INSERT INTO `tour_location` VALUES ('30', '30', '1', '0000-00-00 00:00:00', '0000-00-00 00:00:00');
INSERT INTO `tour_location` VALUES ('31', '31', '1', '0000-00-00 00:00:00', '0000-00-00 00:00:00');
INSERT INTO `tour_location` VALUES ('32', '32', '1', '0000-00-00 00:00:00', '0000-00-00 00:00:00');

-- ----------------------------
-- Table structure for users
-- ----------------------------
DROP TABLE IF EXISTS `users`;
CREATE TABLE `users` (
  `id` int(10) unsigned NOT NULL AUTO_INCREMENT,
  `name` varchar(255) COLLATE utf8_unicode_ci NOT NULL,
  `email` varchar(255) COLLATE utf8_unicode_ci NOT NULL,
  `password` varchar(60) COLLATE utf8_unicode_ci NOT NULL,
  `remember_token` varchar(100) COLLATE utf8_unicode_ci DEFAULT NULL,
  `created_at` timestamp NOT NULL DEFAULT '0000-00-00 00:00:00',
  `updated_at` timestamp NOT NULL DEFAULT '0000-00-00 00:00:00',
  PRIMARY KEY (`id`),
  UNIQUE KEY `users_email_unique` (`email`)
) ENGINE=InnoDB AUTO_INCREMENT=4 DEFAULT CHARSET=utf8 COLLATE=utf8_unicode_ci;

-- ----------------------------
-- Records of users
-- ----------------------------
INSERT INTO `users` VALUES ('1', 'Liêm Phan', 'liemphan@ilavietnam.edu.vn', '$2y$10$7PMdNJBr1BmdnoW7.RINOefvMVt4roxNiXMFGKJB060/uuOwl9zA6', 'wD7Wk8gtChaRoxohDTvPL2Ax493PBcOYfZVMvonBfgLw55fPZ4wiF4GD1DFz', '2017-01-19 09:52:24', '2017-02-14 04:18:07');
